[
	{
		"id" : 1,
		"name" : "1"
	},
	{
		"id" : 2,
		"name" : "2"
	},
	{
		"id" : 3,
		"name" : "3"
	},
	{
		"id" : 4,
		"name" : "4"
	},
	{
		"id" : 5,
		"name" : "5"
	},
	{
		"id" : 6,
		"name" : "6"
	},
	{
		"id" : 7,
		"name" : "A"
	},
	{
		"id" : 8,
		"name" : "B"
	},
	{
		"id" : 9,
		"name" : "C"
	},
	{
		"id" : 10,
		"name" : "B1"
	},
	{
		"id" : 11,
		"name" : "B2"
	},
	{
		"id" : 12,
		"name" : "B3"
	},
	{
		"id" : 13,
		"name" : "B4"
	},
	{
		"id" : 14,
		"name" : "B5"
	},
	{
		"id" : 15,
		"name" : "B6"
	},
	{
		"id" : 16,
		"name" : "бк"
	}
]
