[
	{
		"id" : 1,
		"discipline_level_id" : 7,
		"discipline_name_id" : 1
	},
	{
		"id" : 2,
		"discipline_level_id" : 8,
		"discipline_name_id" : 1
	},
	{
		"id" : 3,
		"discipline_level_id" : 9,
		"discipline_name_id" : 1
	},
	{
		"id" : 4,
		"discipline_level_id" : 1,
		"discipline_name_id" : 2
	},
	{
		"id" : 5,
		"discipline_level_id" : 2,
		"discipline_name_id" : 2
	},
	{
		"id" : 6,
		"discipline_level_id" : 3,
		"discipline_name_id" : 2
	},
	{
		"id" : 7,
		"discipline_level_id" : 4,
		"discipline_name_id" : 2
	},
	{
		"id" : 8,
		"discipline_level_id" : 5,
		"discipline_name_id" : 2
	},
	{
		"id" : 9,
		"discipline_level_id" : 6,
		"discipline_name_id" : 2
	},
	{
		"id" : 10,
		"discipline_level_id" : 10,
		"discipline_name_id" : 3
	},
	{
		"id" : 11,
		"discipline_level_id" : 11,
		"discipline_name_id" : 3
	},
	{
		"id" : 12,
		"discipline_level_id" : 12,
		"discipline_name_id" : 3
	},
	{
		"id" : 13,
		"discipline_level_id" : 13,
		"discipline_name_id" : 3
	},
	{
		"id" : 14,
		"discipline_level_id" : 14,
		"discipline_name_id" : 3
	},
	{
		"id" : 15,
		"discipline_level_id" : 15,
		"discipline_name_id" : 3
	},
	{
		"id" : 16,
		"discipline_level_id" : 16,
		"discipline_name_id" : 3
	}
]
