[
	{
		"id" : 1,
		"surname" : "Алексеев",
		"name" : "Артем",
		"patronymic" : "Олегович",
		"phone" : ""
	},
	{
		"id" : 2,
		"surname" : "Чепуштанов",
		"name" : "Даниил",
		"patronymic" : "Дмитриевич",
		"phone" : ""
	},
	{
		"id" : 3,
		"surname" : "Говор",
		"name" : "Нина",
		"patronymic" : "Сергеевна",
		"phone" : ""
	},
	{
		"id" : 4,
		"surname" : "Абдуллин",
		"name" : "Ринат",
		"patronymic" : "Галимуллович",
		"phone" : ""
	},
	{
		"id" : 5,
		"surname" : "Токарева",
		"name" : "Екатерина",
		"patronymic" : "Ивановна",
		"phone" : ""
	},
	{
		"id" : 6,
		"surname" : "Щинов",
		"name" : "Павел",
		"patronymic" : "Леонидович",
		"phone" : ""
	},
	{
		"id" : 7,
		"surname" : "Давыденко",
		"name" : "Евгений",
		"patronymic" : "Отчество отсутствует",
		"phone" : ""
	},
	{
		"id" : 8,
		"surname" : "Цветков",
		"name" : "Ярослав",
		"patronymic" : "Отчество отсутствует",
		"phone" : ""
	},
	{
		"id" : 9,
		"surname" : "Петров",
		"name" : "Владимир",
		"patronymic" : "Варфоломеевич",
		"phone" : ""
	},
	{
		"id" : 10,
		"surname" : "Степанова",
		"name" : "Марина",
		"patronymic" : "Владимировна",
		"phone" : ""
	},
	{
		"id" : 11,
		"surname" : "Ворожейкина",
		"name" : "Анастасия",
		"patronymic" : "Фардиновна",
		"phone" : ""
	},
	{
		"id" : 12,
		"surname" : "Почекунина",
		"name" : "Олеся",
		"patronymic" : "Иванович",
		"phone" : ""
	},
	{
		"id" : 13,
		"surname" : "Герасимов",
		"name" : "Евгений",
		"patronymic" : "Александрович",
		"phone" : ""
	},
	{
		"id" : 14,
		"surname" : "Лебедева",
		"name" : "Ирина",
		"patronymic" : "Олеговна",
		"phone" : ""
	},
	{
		"id" : 15,
		"surname" : "Карпов",
		"name" : "Андрей",
		"patronymic" : "Вадимович",
		"phone" : ""
	},
	{
		"id" : 16,
		"surname" : "Пересыпкина",
		"name" : "Елена",
		"patronymic" : "Алексеевна",
		"phone" : ""
	},
	{
		"id" : 17,
		"surname" : "Шуляк",
		"name" : "Руслан",
		"patronymic" : "Анатольевич",
		"phone" : ""
	},
	{
		"id" : 18,
		"surname" : "Пирогов",
		"name" : "Сергей",
		"patronymic" : "Владимирович",
		"phone" : ""
	},
	{
		"id" : 19,
		"surname" : "Роговская",
		"name" : "Светлана",
		"patronymic" : "Александровна",
		"phone" : ""
	},
	{
		"id" : 20,
		"surname" : "Мастрюкова",
		"name" : "Ксения",
		"patronymic" : "Андреевна",
		"phone" : ""
	},
	{
		"id" : 21,
		"surname" : "Широких",
		"name" : "Игорь",
		"patronymic" : "Борисович",
		"phone" : ""
	},
	{
		"id" : 22,
		"surname" : "Баштецкая",
		"name" : "Наталья",
		"patronymic" : "Алексеевна",
		"phone" : ""
	},
	{
		"id" : 23,
		"surname" : "Васильева",
		"name" : "Наталья",
		"patronymic" : "Александровна",
		"phone" : ""
	},
	{
		"id" : 25,
		"surname" : "Басов",
		"name" : "Денис",
		"patronymic" : "Отчество отсутствует",
		"phone" : ""
	},
	{
		"id" : 27,
		"surname" : "Резчикова",
		"name" : "Александра",
		"patronymic" : "Борисовна",
		"phone" : ""
	},
	{
		"id" : 28,
		"surname" : "Заруба",
		"name" : "Антон",
		"patronymic" : "Олегович",
		"phone" : ""
	},
	{
		"id" : 29,
		"surname" : "Косенков",
		"name" : "Иван",
		"patronymic" : "Васильевич",
		"phone" : ""
	},
	{
		"id" : 30,
		"surname" : "Зебелян",
		"name" : "Леонид",
		"patronymic" : "Гарикович",
		"phone" : ""
	},
	{
		"id" : 31,
		"surname" : "Григоров",
		"name" : "Николай",
		"patronymic" : "Геннадьевич",
		"phone" : ""
	},
	{
		"id" : 32,
		"surname" : "Шилоносова",
		"name" : "Елена",
		"patronymic" : "Викторовна",
		"phone" : ""
	},
	{
		"id" : 33,
		"surname" : "Мальцев",
		"name" : "Иван",
		"patronymic" : "Валерьевич",
		"phone" : ""
	},
	{
		"id" : 35,
		"surname" : "Белова",
		"name" : "Оксана",
		"patronymic" : "Александровна",
		"phone" : ""
	},
	{
		"id" : 36,
		"surname" : "Лавриненко",
		"name" : "Мария",
		"patronymic" : "Михайловна",
		"phone" : ""
	},
	{
		"id" : 37,
		"surname" : "Садриев",
		"name" : "Тимур",
		"patronymic" : "Басирович",
		"phone" : ""
	},
	{
		"id" : 38,
		"surname" : "Садриева",
		"name" : "Ангелина",
		"patronymic" : "Геннадьевна",
		"phone" : ""
	},
	{
		"id" : 39,
		"surname" : "Малков",
		"name" : "Игорь",
		"patronymic" : "Михайлович",
		"phone" : ""
	},
	{
		"id" : 40,
		"surname" : "Скрябин",
		"name" : "Яков",
		"patronymic" : "Викторович",
		"phone" : ""
	},
	{
		"id" : 41,
		"surname" : "Резниченко",
		"name" : "Иван",
		"patronymic" : "Сергеевич",
		"phone" : ""
	},
	{
		"id" : 42,
		"surname" : "Захаров",
		"name" : "Сергей",
		"patronymic" : "Васильевич",
		"phone" : ""
	},
	{
		"id" : 43,
		"surname" : "Захарова",
		"name" : "Наталья",
		"patronymic" : "Леонидовна",
		"phone" : ""
	},
	{
		"id" : 48,
		"surname" : "Орлова",
		"name" : "Наталья",
		"patronymic" : "Николаевна",
		"phone" : ""
	},
	{
		"id" : 49,
		"surname" : "Иванов",
		"name" : "Андрей",
		"patronymic" : "Васильевич",
		"phone" : ""
	},
	{
		"id" : 50,
		"surname" : "Акимова",
		"name" : "Ирина",
		"patronymic" : "Валентиновна",
		"phone" : ""
	},
	{
		"id" : 51,
		"surname" : "Москалев",
		"name" : "Виктор",
		"patronymic" : "Леонидович",
		"phone" : ""
	},
	{
		"id" : 52,
		"surname" : "Кизоркин",
		"name" : "Сергей",
		"patronymic" : "Александрович",
		"phone" : ""
	},
	{
		"id" : 53,
		"surname" : "Денисов",
		"name" : "Владимир",
		"patronymic" : "Дмитриевич",
		"phone" : ""
	},
	{
		"id" : 54,
		"surname" : "Леонтьева",
		"name" : "Марина",
		"patronymic" : "Александровна",
		"phone" : ""
	},
	{
		"id" : 55,
		"surname" : "Арсентьева",
		"name" : "Лариса",
		"patronymic" : "Дмитриевна",
		"phone" : ""
	},
	{
		"id" : 56,
		"surname" : "Бунтукова",
		"name" : "Мария",
		"patronymic" : "Владимировна",
		"phone" : ""
	},
	{
		"id" : 57,
		"surname" : "Богонникова",
		"name" : "Лилия",
		"patronymic" : "Владимировна",
		"phone" : ""
	},
	{
		"id" : 58,
		"surname" : "Евдокимов",
		"name" : "Дмитрий",
		"patronymic" : "Евгеньевич",
		"phone" : ""
	},
	{
		"id" : 59,
		"surname" : "Ширяев",
		"name" : "Александр",
		"patronymic" : "Отчество отсутствует",
		"phone" : ""
	},
	{
		"id" : 60,
		"surname" : "Чистякова",
		"name" : "Татьяна",
		"patronymic" : "Отчество отсутствует",
		"phone" : ""
	},
	{
		"id" : 61,
		"surname" : "Кусакин",
		"name" : "Максим",
		"patronymic" : "Отчество отсутствует",
		"phone" : ""
	},
	{
		"id" : 63,
		"surname" : "Крючков",
		"name" : "Никита",
		"patronymic" : "Михайлович",
		"phone" : ""
	},
	{
		"id" : 64,
		"surname" : "Осетрова",
		"name" : "Оксана",
		"patronymic" : "Григорьевна",
		"phone" : ""
	},
	{
		"id" : 65,
		"surname" : "Шаталов",
		"name" : "Виталий",
		"patronymic" : "Дмитриевич",
		"phone" : ""
	},
	{
		"id" : 66,
		"surname" : "Сауткина",
		"name" : "Екатерина",
		"patronymic" : "Сергеевна",
		"phone" : ""
	},
	{
		"id" : 67,
		"surname" : "Шпакова",
		"name" : "Наталья",
		"patronymic" : "Валерьевна",
		"phone" : ""
	},
	{
		"id" : 68,
		"surname" : "Чекмарев",
		"name" : "Михаил",
		"patronymic" : "Юрьевич",
		"phone" : ""
	},
	{
		"id" : 69,
		"surname" : "Чекмарева",
		"name" : "Наталья",
		"patronymic" : "Юрьевна",
		"phone" : ""
	},
	{
		"id" : 70,
		"surname" : "Козин",
		"name" : "Данил",
		"patronymic" : "Игоревич",
		"phone" : ""
	},
	{
		"id" : 71,
		"surname" : "Шибанова",
		"name" : "Марина",
		"patronymic" : "Сергеевна",
		"phone" : ""
	},
	{
		"id" : 72,
		"surname" : "Антонова",
		"name" : "Юлия",
		"patronymic" : "Антонова",
		"phone" : ""
	},
	{
		"id" : 73,
		"surname" : "Кузнецова",
		"name" : "Наталья",
		"patronymic" : "Игнатьевна",
		"phone" : ""
	},
	{
		"id" : 74,
		"surname" : "Широбоков",
		"name" : "Юрий",
		"patronymic" : "Иванович",
		"phone" : ""
	},
	{
		"id" : 75,
		"surname" : "Нужная",
		"name" : "Вероника",
		"patronymic" : "Вячеславовна",
		"phone" : ""
	},
	{
		"id" : 76,
		"surname" : "Чурбанова",
		"name" : "Мила",
		"patronymic" : "Павловна",
		"phone" : ""
	},
	{
		"id" : 77,
		"surname" : "Саяпина",
		"name" : "Анастасия",
		"patronymic" : "Эдуардовна",
		"phone" : ""
	},
	{
		"id" : 78,
		"surname" : "Степанов",
		"name" : "Сергей",
		"patronymic" : "Юрьевич",
		"phone" : ""
	},
	{
		"id" : 79,
		"surname" : "Мохов",
		"name" : "Богдан",
		"patronymic" : "Витальевич",
		"phone" : ""
	},
	{
		"id" : 80,
		"surname" : "Мохов",
		"name" : "Виталий",
		"patronymic" : "Иванович",
		"phone" : ""
	},
	{
		"id" : 81,
		"surname" : "Мохова",
		"name" : "Диляра",
		"patronymic" : "Фанисовна",
		"phone" : ""
	},
	{
		"id" : 82,
		"surname" : "Нуждина",
		"name" : "Ксения",
		"patronymic" : "Юрьевна",
		"phone" : ""
	},
	{
		"id" : 83,
		"surname" : "Калинин",
		"name" : "Артем",
		"patronymic" : "Михайлович",
		"phone" : ""
	},
	{
		"id" : 84,
		"surname" : "Калимуллин",
		"name" : "Тимур",
		"patronymic" : "Ильдарович",
		"phone" : ""
	},
	{
		"id" : 85,
		"surname" : "Денисов",
		"name" : "Александр",
		"patronymic" : "Сергеевич",
		"phone" : ""
	},
	{
		"id" : 86,
		"surname" : "Горбачев",
		"name" : "Андрей",
		"patronymic" : "Александрович",
		"phone" : ""
	},
	{
		"id" : 87,
		"surname" : "Пышьев",
		"name" : "Александр",
		"patronymic" : "Александрович",
		"phone" : ""
	},
	{
		"id" : 89,
		"surname" : "Гагарин",
		"name" : "Дмитрий",
		"patronymic" : "Отчество отсутствует",
		"phone" : ""
	},
	{
		"id" : 91,
		"surname" : "Тихонов",
		"name" : "Дмитрий",
		"patronymic" : "Александрович",
		"phone" : ""
	},
	{
		"id" : 92,
		"surname" : "Чухонцев",
		"name" : "Николай",
		"patronymic" : "Викторович",
		"phone" : ""
	},
	{
		"id" : 93,
		"surname" : "Егоров",
		"name" : "Роман",
		"patronymic" : "Павлович",
		"phone" : ""
	},
	{
		"id" : 95,
		"surname" : "Баталов",
		"name" : "Андрей",
		"patronymic" : "Отчество отсутствует",
		"phone" : ""
	},
	{
		"id" : 96,
		"surname" : "Ефимов",
		"name" : "Дмитрий",
		"patronymic" : "Отчество отсутствует",
		"phone" : ""
	},
	{
		"id" : 97,
		"surname" : "Ковалкин",
		"name" : "Алексей",
		"patronymic" : "Отчество отсутствует",
		"phone" : ""
	},
	{
		"id" : 98,
		"surname" : "Головко",
		"name" : "Оксана",
		"patronymic" : "Викторович",
		"phone" : ""
	},
	{
		"id" : 99,
		"surname" : "Кузнецова",
		"name" : "Юлия",
		"patronymic" : "Борисовна",
		"phone" : ""
	},
	{
		"id" : 100,
		"surname" : "Соловьева",
		"name" : "Ольга",
		"patronymic" : "Евгеньевич",
		"phone" : ""
	},
	{
		"id" : 101,
		"surname" : "Болдырев",
		"name" : "Александр",
		"patronymic" : "Олеговна",
		"phone" : ""
	},
	{
		"id" : 102,
		"surname" : "Болдырева",
		"name" : "Жанна",
		"patronymic" : "Викторовна",
		"phone" : ""
	},
	{
		"id" : 103,
		"surname" : "Цыбульский",
		"name" : "Александр",
		"patronymic" : "Анатольевна",
		"phone" : ""
	},
	{
		"id" : 104,
		"surname" : "Силкин",
		"name" : "Николай",
		"patronymic" : "Сергеевич",
		"phone" : ""
	},
	{
		"id" : 105,
		"surname" : "Лобанов",
		"name" : "Константин",
		"patronymic" : "Юрьевич",
		"phone" : ""
	},
	{
		"id" : 106,
		"surname" : "Постнова",
		"name" : "Елена",
		"patronymic" : "Валерьевна",
		"phone" : ""
	},
	{
		"id" : 107,
		"surname" : "Гераскин",
		"name" : "Евгений",
		"patronymic" : "Юрьевич",
		"phone" : ""
	},
	{
		"id" : 110,
		"surname" : "Дзекун",
		"name" : "Андрей",
		"patronymic" : "Николаевич",
		"phone" : ""
	},
	{
		"id" : 111,
		"surname" : "Паршин",
		"name" : "Анатолий",
		"patronymic" : "Юрьевич",
		"phone" : ""
	},
	{
		"id" : 112,
		"surname" : "Васильева",
		"name" : "Екатерина",
		"patronymic" : "Андреевна",
		"phone" : ""
	},
	{
		"id" : 113,
		"surname" : "Петряков",
		"name" : "Денис",
		"patronymic" : "Александрович",
		"phone" : ""
	},
	{
		"id" : 114,
		"surname" : "Тарасова",
		"name" : "Ирина",
		"patronymic" : "Александровна",
		"phone" : ""
	},
	{
		"id" : 115,
		"surname" : "Интяков",
		"name" : "Сергей",
		"patronymic" : "Сергеевич",
		"phone" : ""
	},
	{
		"id" : 116,
		"surname" : "Шмонина",
		"name" : "Наталья",
		"patronymic" : "Геннадьевна",
		"phone" : ""
	},
	{
		"id" : 117,
		"surname" : "Баталов",
		"name" : "Андрей",
		"patronymic" : "Викторович",
		"phone" : ""
	},
	{
		"id" : 118,
		"surname" : "Ефимов",
		"name" : "Дмитрий",
		"patronymic" : "Владимирович",
		"phone" : ""
	},
	{
		"id" : 119,
		"surname" : "Ковалкин",
		"name" : "Алексей",
		"patronymic" : "Викторович",
		"phone" : ""
	},
	{
		"id" : 120,
		"surname" : "Головко",
		"name" : "Оксана",
		"patronymic" : "Васильевна",
		"phone" : ""
	},
	{
		"id" : 121,
		"surname" : "Кузнецова",
		"name" : "Юлия",
		"patronymic" : "Алексеевна",
		"phone" : ""
	},
	{
		"id" : 122,
		"surname" : "Соловьева",
		"name" : "Ольга",
		"patronymic" : "Яковлевна",
		"phone" : ""
	},
	{
		"id" : 123,
		"surname" : "Лаутеншлегер",
		"name" : "Наталья",
		"patronymic" : "Петровна",
		"phone" : ""
	},
	{
		"id" : 124,
		"surname" : "Бабин",
		"name" : "Константин",
		"patronymic" : "Георгиевна",
		"phone" : ""
	},
	{
		"id" : 125,
		"surname" : "Доронин",
		"name" : "Антон",
		"patronymic" : "Геннадьевич",
		"phone" : ""
	},
	{
		"id" : 126,
		"surname" : "Баймлер",
		"name" : "Артем",
		"patronymic" : "Александрович",
		"phone" : ""
	},
	{
		"id" : 127,
		"surname" : "Исматова",
		"name" : "Анна",
		"patronymic" : "Алексеевна",
		"phone" : ""
	},
	{
		"id" : 128,
		"surname" : "Алешина",
		"name" : "Татьяна",
		"patronymic" : "Владимировна",
		"phone" : ""
	},
	{
		"id" : 129,
		"surname" : "Тернавский",
		"name" : "Владимир",
		"patronymic" : "Ивановна",
		"phone" : ""
	},
	{
		"id" : 130,
		"surname" : "Тернавская",
		"name" : "Светлана",
		"patronymic" : "Андреевич",
		"phone" : ""
	},
	{
		"id" : 131,
		"surname" : "Голованов",
		"name" : "Евгений",
		"patronymic" : "Михайлович",
		"phone" : ""
	},
	{
		"id" : 132,
		"surname" : "Теплоухов",
		"name" : "Дмитрий",
		"patronymic" : "Отчество отсутствует",
		"phone" : ""
	},
	{
		"id" : 133,
		"surname" : "Трофимова",
		"name" : "Елена",
		"patronymic" : "Сергеевич",
		"phone" : ""
	},
	{
		"id" : 134,
		"surname" : "Воробей",
		"name" : "Максим",
		"patronymic" : "Ивановна",
		"phone" : ""
	},
	{
		"id" : 135,
		"surname" : "Роснис",
		"name" : "Артурс",
		"patronymic" : "Отчество отсутствует",
		"phone" : ""
	},
	{
		"id" : 136,
		"surname" : "Митин",
		"name" : "Игнат",
		"patronymic" : "Алексеевич",
		"phone" : ""
	},
	{
		"id" : 137,
		"surname" : "Ермаков",
		"name" : "Иван",
		"patronymic" : "Андреевич",
		"phone" : ""
	},
	{
		"id" : 138,
		"surname" : "Вахрушев",
		"name" : "Максим",
		"patronymic" : "Николаевич",
		"phone" : ""
	},
	{
		"id" : 139,
		"surname" : "Лысов",
		"name" : "Алексей",
		"patronymic" : "Дмитриевич",
		"phone" : ""
	},
	{
		"id" : 140,
		"surname" : "Антонов",
		"name" : "Александр",
		"patronymic" : "Анатольевич",
		"phone" : ""
	},
	{
		"id" : 141,
		"surname" : "Олифиренко",
		"name" : "Николай",
		"patronymic" : "Александрович",
		"phone" : ""
	},
	{
		"id" : 142,
		"surname" : "Попов",
		"name" : "Михаил",
		"patronymic" : "Александрович",
		"phone" : ""
	},
	{
		"id" : 143,
		"surname" : "Литвинов",
		"name" : "Евгений",
		"patronymic" : "Александрович",
		"phone" : ""
	},
	{
		"id" : 144,
		"surname" : "Сбитнев",
		"name" : "Юрий",
		"patronymic" : "Александрович",
		"phone" : ""
	},
	{
		"id" : 145,
		"surname" : "Капанадзе",
		"name" : "Николай",
		"patronymic" : "Николаевич",
		"phone" : ""
	},
	{
		"id" : 146,
		"surname" : "Панфилов",
		"name" : "Сергей",
		"patronymic" : "Александрович",
		"phone" : ""
	},
	{
		"id" : 147,
		"surname" : "Карпов",
		"name" : "Даниил",
		"patronymic" : "Алексеевич",
		"phone" : ""
	},
	{
		"id" : 148,
		"surname" : "Черкасов",
		"name" : "Юрий",
		"patronymic" : "Константинович",
		"phone" : ""
	},
	{
		"id" : 149,
		"surname" : "Владимирский",
		"name" : "Александр",
		"patronymic" : "Владимирович",
		"phone" : ""
	},
	{
		"id" : 150,
		"surname" : "Малков",
		"name" : "Денис",
		"patronymic" : "Александрович",
		"phone" : ""
	},
	{
		"id" : 151,
		"surname" : "Владимирская",
		"name" : "Ирина",
		"patronymic" : "Владимировна",
		"phone" : ""
	},
	{
		"id" : 152,
		"surname" : "Романов",
		"name" : "Артём",
		"patronymic" : "Иванович",
		"phone" : ""
	},
	{
		"id" : 153,
		"surname" : "Сердцев",
		"name" : "Илья",
		"patronymic" : "Евгеньевич",
		"phone" : ""
	},
	{
		"id" : 154,
		"surname" : "Сауткина",
		"name" : "Екатерина",
		"patronymic" : "Отчество отсутствует",
		"phone" : ""
	},
	{
		"id" : 155,
		"surname" : "Шпакова",
		"name" : "Наталья",
		"patronymic" : "Отчество отсутствует",
		"phone" : ""
	},
	{
		"id" : 156,
		"surname" : "Колчина",
		"name" : "Елена",
		"patronymic" : "Александровна",
		"phone" : ""
	},
	{
		"id" : 157,
		"surname" : "Ковальчик",
		"name" : "Владлена",
		"patronymic" : "Владимировна",
		"phone" : ""
	},
	{
		"id" : 158,
		"surname" : "Родионова",
		"name" : "Полина",
		"patronymic" : "Отчество отсутствует",
		"phone" : ""
	},
	{
		"id" : 159,
		"surname" : "Пугачева",
		"name" : "Марина",
		"patronymic" : "Игоревна",
		"phone" : ""
	},
	{
		"id" : 160,
		"surname" : "Марченко",
		"name" : "Мария",
		"patronymic" : "Александровна",
		"phone" : ""
	},
	{
		"id" : 161,
		"surname" : "Глебов",
		"name" : "Александр",
		"patronymic" : "Викторович",
		"phone" : ""
	},
	{
		"id" : 162,
		"surname" : "Овчинников",
		"name" : "Дмитрий",
		"patronymic" : "Николаевич",
		"phone" : ""
	},
	{
		"id" : 163,
		"surname" : "Смирнов",
		"name" : "Александр",
		"patronymic" : "Сергеевич",
		"phone" : ""
	}
]
