[
	{
		"id" : 1,
		"staff_position" : "тренер",
		"qualification" : "",
		"notes" : "1990-06-21",
		"staff_member_id" : 1
	},
	{
		"id" : 2,
		"staff_position" : "тренер",
		"qualification" : "",
		"notes" : "1997-08-22",
		"staff_member_id" : 2
	},
	{
		"id" : 3,
		"staff_position" : "координатор",
		"qualification" : "",
		"notes" : "1990-09-29",
		"staff_member_id" : 3
	},
	{
		"id" : 4,
		"staff_position" : "главный тренер  хк \"молния прикамья\"",
		"qualification" : "",
		"notes" : "1975-07-23",
		"staff_member_id" : 4
	},
	{
		"id" : 5,
		"staff_position" : "координатор команды  хк \"молния прикамья\"",
		"qualification" : "",
		"notes" : "1988-03-18",
		"staff_member_id" : 5
	},
	{
		"id" : 6,
		"staff_position" : "тренер хк \"молния прикамья\"",
		"qualification" : "",
		"notes" : "1973-10-26",
		"staff_member_id" : 6
	},
	{
		"id" : 7,
		"staff_position" : "главный тренер",
		"qualification" : "",
		"notes" : "1900-01-01",
		"staff_member_id" : 7
	},
	{
		"id" : 8,
		"staff_position" : "помощник тренера",
		"qualification" : "",
		"notes" : "1900-01-01",
		"staff_member_id" : 8
	},
	{
		"id" : 9,
		"staff_position" : "тренер",
		"qualification" : "",
		"notes" : "1955-12-27",
		"staff_member_id" : 9
	},
	{
		"id" : 10,
		"staff_position" : "координатор сопровождающийстепанова кирилла сергеевича",
		"qualification" : "",
		"notes" : "1986-02-23",
		"staff_member_id" : 10
	},
	{
		"id" : 11,
		"staff_position" : "координатор копелиович савелий михайлович",
		"qualification" : "",
		"notes" : "1969-08-31",
		"staff_member_id" : 11
	},
	{
		"id" : 12,
		"staff_position" : "тренер",
		"qualification" : "",
		"notes" : "1956-01-21",
		"staff_member_id" : 12
	},
	{
		"id" : 13,
		"staff_position" : "тренер",
		"qualification" : "",
		"notes" : "1988-07-24",
		"staff_member_id" : 13
	},
	{
		"id" : 14,
		"staff_position" : "тренер",
		"qualification" : "",
		"notes" : "2009-01-19",
		"staff_member_id" : 14
	},
	{
		"id" : 15,
		"staff_position" : "координатор",
		"qualification" : "",
		"notes" : "2006-09-30",
		"staff_member_id" : 15
	},
	{
		"id" : 16,
		"staff_position" : "координатор сопровождает аломского ярослава александровича",
		"qualification" : "",
		"notes" : "1972-07-15",
		"staff_member_id" : 16
	},
	{
		"id" : 17,
		"staff_position" : "тренер команды",
		"qualification" : "",
		"notes" : "1978-10-31",
		"staff_member_id" : 17
	},
	{
		"id" : 18,
		"staff_position" : "тренер команды",
		"qualification" : "",
		"notes" : "1977-03-11",
		"staff_member_id" : 18
	},
	{
		"id" : 19,
		"staff_position" : "тренер",
		"qualification" : "",
		"notes" : "1983-05-01",
		"staff_member_id" : 19
	},
	{
		"id" : 20,
		"staff_position" : "координатор",
		"qualification" : "",
		"notes" : "1985-09-03",
		"staff_member_id" : 20
	},
	{
		"id" : 21,
		"staff_position" : "тренер",
		"qualification" : "",
		"notes" : "1979-02-12",
		"staff_member_id" : 21
	},
	{
		"id" : 22,
		"staff_position" : "координатор\/сопровождающий баштецкого а.ф.",
		"qualification" : "",
		"notes" : "1983-03-28",
		"staff_member_id" : 22
	},
	{
		"id" : 23,
		"staff_position" : "координатор",
		"qualification" : "",
		"notes" : "1978-10-27",
		"staff_member_id" : 23
	},
	{
		"id" : 24,
		"staff_position" : "тренер-координатор",
		"qualification" : "",
		"notes" : "1900-01-01",
		"staff_member_id" : 25
	},
	{
		"id" : 25,
		"staff_position" : "координатор",
		"qualification" : "",
		"notes" : "1987-01-21",
		"staff_member_id" : 27
	},
	{
		"id" : 26,
		"staff_position" : "тренер",
		"qualification" : "",
		"notes" : "1988-03-02",
		"staff_member_id" : 28
	},
	{
		"id" : 27,
		"staff_position" : "тренер",
		"qualification" : "",
		"notes" : "2000-07-06",
		"staff_member_id" : 29
	},
	{
		"id" : 28,
		"staff_position" : "сопровождающий волонтер-пушерзебелян давид леонидович",
		"qualification" : "",
		"notes" : "1969-10-31",
		"staff_member_id" : 30
	},
	{
		"id" : 29,
		"staff_position" : "координатор",
		"qualification" : "",
		"notes" : "2003-11-08",
		"staff_member_id" : 31
	},
	{
		"id" : 30,
		"staff_position" : "тренер",
		"qualification" : "",
		"notes" : "1974-10-28",
		"staff_member_id" : 32
	},
	{
		"id" : 31,
		"staff_position" : "пушер",
		"qualification" : "",
		"notes" : "2003-11-08",
		"staff_member_id" : 33
	},
	{
		"id" : 32,
		"staff_position" : "тренер",
		"qualification" : "",
		"notes" : "1989-09-22",
		"staff_member_id" : 35
	},
	{
		"id" : 33,
		"staff_position" : "координатор",
		"qualification" : "",
		"notes" : "1984-05-16",
		"staff_member_id" : 36
	},
	{
		"id" : 34,
		"staff_position" : "тренер",
		"qualification" : "",
		"notes" : "1989-06-29",
		"staff_member_id" : 37
	},
	{
		"id" : 35,
		"staff_position" : "координатор",
		"qualification" : "",
		"notes" : "1988-04-15",
		"staff_member_id" : 38
	},
	{
		"id" : 36,
		"staff_position" : "тренер",
		"qualification" : "",
		"notes" : "1962-12-26",
		"staff_member_id" : 39
	},
	{
		"id" : 37,
		"staff_position" : "пушер",
		"qualification" : "",
		"notes" : "1982-06-26",
		"staff_member_id" : 40
	},
	{
		"id" : 38,
		"staff_position" : "тренер",
		"qualification" : "",
		"notes" : "1989-08-23",
		"staff_member_id" : 41
	},
	{
		"id" : 39,
		"staff_position" : "пушер",
		"qualification" : "",
		"notes" : "0971-05-04",
		"staff_member_id" : 42
	},
	{
		"id" : 40,
		"staff_position" : "координатор",
		"qualification" : "",
		"notes" : "1971-09-19",
		"staff_member_id" : 43
	},
	{
		"id" : 41,
		"staff_position" : "тренер",
		"qualification" : "",
		"notes" : "1997-03-23",
		"staff_member_id" : 48
	},
	{
		"id" : 42,
		"staff_position" : "старший тренер руководитель команды",
		"qualification" : "",
		"notes" : "1966-05-17",
		"staff_member_id" : 49
	},
	{
		"id" : 43,
		"staff_position" : "координатор команды",
		"qualification" : "",
		"notes" : "1974-04-04",
		"staff_member_id" : 50
	},
	{
		"id" : 44,
		"staff_position" : "пушер- волонтер",
		"qualification" : "",
		"notes" : "1968-02-18",
		"staff_member_id" : 51
	},
	{
		"id" : 45,
		"staff_position" : "тренер команды",
		"qualification" : "",
		"notes" : "1974-08-09",
		"staff_member_id" : 52
	},
	{
		"id" : 46,
		"staff_position" : "тренер",
		"qualification" : "",
		"notes" : "1998-01-16",
		"staff_member_id" : 53
	},
	{
		"id" : 47,
		"staff_position" : "координатор",
		"qualification" : "",
		"notes" : "1980-03-09",
		"staff_member_id" : 54
	},
	{
		"id" : 48,
		"staff_position" : "пушер сопровождающий арсентьева максима",
		"qualification" : "",
		"notes" : "1978-10-15",
		"staff_member_id" : 55
	},
	{
		"id" : 49,
		"staff_position" : "пушер сопровождающий бунтукова анатолия",
		"qualification" : "",
		"notes" : "1985-10-16",
		"staff_member_id" : 56
	},
	{
		"id" : 50,
		"staff_position" : "координатор",
		"qualification" : "",
		"notes" : "1974-03-08",
		"staff_member_id" : 57
	},
	{
		"id" : 51,
		"staff_position" : "тренер",
		"qualification" : "",
		"notes" : "1993-02-16",
		"staff_member_id" : 58
	},
	{
		"id" : 52,
		"staff_position" : "главный тренер хк \"молния прикамья следж\"",
		"qualification" : "",
		"notes" : "1900-01-01",
		"staff_member_id" : 59
	},
	{
		"id" : 53,
		"staff_position" : "координатор команды «молния прикамья следж» сопровождающая чистякова тимофея",
		"qualification" : "",
		"notes" : "1900-01-01",
		"staff_member_id" : 60
	},
	{
		"id" : 54,
		"staff_position" : "тренер - пушер схк \"молния прикамья следж» механик",
		"qualification" : "",
		"notes" : "1900-01-01",
		"staff_member_id" : 61
	},
	{
		"id" : 55,
		"staff_position" : "тренер «волчата» тамбов",
		"qualification" : "",
		"notes" : "1984-12-23",
		"staff_member_id" : 63
	},
	{
		"id" : 56,
		"staff_position" : "координатор «волчата» тамбов",
		"qualification" : "",
		"notes" : "1986-12-05",
		"staff_member_id" : 64
	},
	{
		"id" : 57,
		"staff_position" : "шаталова арина дмитриевнаволонтер-пушер",
		"qualification" : "",
		"notes" : "2004-02-20",
		"staff_member_id" : 65
	},
	{
		"id" : 58,
		"staff_position" : "тренер “красная молния”",
		"qualification" : "",
		"notes" : "2004-06-17",
		"staff_member_id" : 66
	},
	{
		"id" : 59,
		"staff_position" : "координатор “красная молния” красноярск",
		"qualification" : "",
		"notes" : "1974-12-06",
		"staff_member_id" : 67
	},
	{
		"id" : 60,
		"staff_position" : "тренер",
		"qualification" : "",
		"notes" : "1974-06-26",
		"staff_member_id" : 68
	},
	{
		"id" : 61,
		"staff_position" : "координатор",
		"qualification" : "",
		"notes" : "1977-03-30",
		"staff_member_id" : 69
	},
	{
		"id" : 62,
		"staff_position" : "тренер",
		"qualification" : "",
		"notes" : "2001-07-22",
		"staff_member_id" : 70
	},
	{
		"id" : 63,
		"staff_position" : "координатор",
		"qualification" : "",
		"notes" : "1988-10-16",
		"staff_member_id" : 71
	},
	{
		"id" : 64,
		"staff_position" : "пушер",
		"qualification" : "",
		"notes" : "1980-03-31",
		"staff_member_id" : 72
	},
	{
		"id" : 65,
		"staff_position" : "координатор",
		"qualification" : "",
		"notes" : "1900-01-01",
		"staff_member_id" : 73
	},
	{
		"id" : 66,
		"staff_position" : "тренер",
		"qualification" : "",
		"notes" : "1900-01-01",
		"staff_member_id" : 74
	},
	{
		"id" : 67,
		"staff_position" : "пушер",
		"qualification" : "",
		"notes" : "1900-01-01",
		"staff_member_id" : 75
	},
	{
		"id" : 68,
		"staff_position" : "координатор",
		"qualification" : "",
		"notes" : "1984-09-02",
		"staff_member_id" : 76
	},
	{
		"id" : 69,
		"staff_position" : "тренер",
		"qualification" : "",
		"notes" : "2004-03-13",
		"staff_member_id" : 77
	},
	{
		"id" : 70,
		"staff_position" : "пушер",
		"qualification" : "",
		"notes" : "1995-07-20",
		"staff_member_id" : 78
	},
	{
		"id" : 71,
		"staff_position" : "главный тренер",
		"qualification" : "",
		"notes" : "1995-04-19",
		"staff_member_id" : 79
	},
	{
		"id" : 72,
		"staff_position" : "помощник тренера",
		"qualification" : "",
		"notes" : "1970-07-30",
		"staff_member_id" : 80
	},
	{
		"id" : 73,
		"staff_position" : "координатор",
		"qualification" : "",
		"notes" : "2002-11-17",
		"staff_member_id" : 81
	},
	{
		"id" : 74,
		"staff_position" : "координатор",
		"qualification" : "",
		"notes" : "1997-05-19",
		"staff_member_id" : 82
	},
	{
		"id" : 75,
		"staff_position" : "тренер",
		"qualification" : "",
		"notes" : "2003-11-01",
		"staff_member_id" : 83
	},
	{
		"id" : 76,
		"staff_position" : "тренер",
		"qualification" : "",
		"notes" : "1987-01-01",
		"staff_member_id" : 84
	},
	{
		"id" : 77,
		"staff_position" : "тренер",
		"qualification" : "",
		"notes" : "1980-04-18",
		"staff_member_id" : 85
	},
	{
		"id" : 78,
		"staff_position" : "тренер",
		"qualification" : "",
		"notes" : "1972-02-01",
		"staff_member_id" : 86
	},
	{
		"id" : 79,
		"staff_position" : "координатор",
		"qualification" : "",
		"notes" : "1983-06-21",
		"staff_member_id" : 87
	},
	{
		"id" : 80,
		"staff_position" : "координатор волонтер-пушер",
		"qualification" : "",
		"notes" : "1985-06-07",
		"staff_member_id" : 89
	},
	{
		"id" : 81,
		"staff_position" : "тренер",
		"qualification" : "",
		"notes" : "1989-03-22",
		"staff_member_id" : 91
	},
	{
		"id" : 82,
		"staff_position" : "тренер-консультант по следж-хоккею",
		"qualification" : "",
		"notes" : "1984-05-09",
		"staff_member_id" : 92
	},
	{
		"id" : 83,
		"staff_position" : "тренер координатор",
		"qualification" : "",
		"notes" : "2007-11-11",
		"staff_member_id" : 93
	},
	{
		"id" : 84,
		"staff_position" : "координатор",
		"qualification" : "",
		"notes" : "1900-01-01",
		"staff_member_id" : 95
	},
	{
		"id" : 85,
		"staff_position" : "тренер",
		"qualification" : "",
		"notes" : "1900-01-01",
		"staff_member_id" : 96
	},
	{
		"id" : 86,
		"staff_position" : "пушер ковалкин павел алексеевич",
		"qualification" : "",
		"notes" : "1900-01-01",
		"staff_member_id" : 97
	},
	{
		"id" : 87,
		"staff_position" : "пушер бабаев егор максимович",
		"qualification" : "",
		"notes" : "1975-08-30",
		"staff_member_id" : 98
	},
	{
		"id" : 88,
		"staff_position" : "пушер кузнецов арсений вячеславович",
		"qualification" : "",
		"notes" : "1974-10-20",
		"staff_member_id" : 99
	},
	{
		"id" : 89,
		"staff_position" : "пушер  бабаев александр максимович",
		"qualification" : "",
		"notes" : "1979-06-20",
		"staff_member_id" : 100
	},
	{
		"id" : 90,
		"staff_position" : "тренер",
		"qualification" : "",
		"notes" : "1971-12-14",
		"staff_member_id" : 101
	},
	{
		"id" : 91,
		"staff_position" : "координатор",
		"qualification" : "",
		"notes" : "1980-03-01",
		"staff_member_id" : 102
	},
	{
		"id" : 92,
		"staff_position" : "главный тренер",
		"qualification" : "",
		"notes" : "1979-12-13",
		"staff_member_id" : 103
	},
	{
		"id" : 93,
		"staff_position" : "тренер",
		"qualification" : "",
		"notes" : "1995-04-07",
		"staff_member_id" : 104
	},
	{
		"id" : 94,
		"staff_position" : "тренер",
		"qualification" : "",
		"notes" : "1973-12-20",
		"staff_member_id" : 105
	},
	{
		"id" : 95,
		"staff_position" : "координатор",
		"qualification" : "",
		"notes" : "1980-09-10",
		"staff_member_id" : 106
	},
	{
		"id" : 96,
		"staff_position" : "тренер",
		"qualification" : "",
		"notes" : "1984-10-04",
		"staff_member_id" : 107
	},
	{
		"id" : 97,
		"staff_position" : "пушер",
		"qualification" : "",
		"notes" : "1976-09-03",
		"staff_member_id" : 110
	},
	{
		"id" : 98,
		"staff_position" : "тренер",
		"qualification" : "",
		"notes" : "1969-12-21",
		"staff_member_id" : 111
	},
	{
		"id" : 99,
		"staff_position" : "пушер - сопровождающий васильевой викторию",
		"qualification" : "",
		"notes" : "1992-10-05",
		"staff_member_id" : 112
	},
	{
		"id" : 100,
		"staff_position" : "пушер шульдинова руслана",
		"qualification" : "",
		"notes" : "2004-05-15",
		"staff_member_id" : 113
	},
	{
		"id" : 101,
		"staff_position" : "координатор",
		"qualification" : "",
		"notes" : "1991-12-03",
		"staff_member_id" : 114
	},
	{
		"id" : 102,
		"staff_position" : "тренер",
		"qualification" : "",
		"notes" : "1992-08-28",
		"staff_member_id" : 115
	},
	{
		"id" : 103,
		"staff_position" : "координатор",
		"qualification" : "",
		"notes" : "1988-12-08",
		"staff_member_id" : 116
	},
	{
		"id" : 104,
		"staff_position" : "координатор",
		"qualification" : "",
		"notes" : "1975-08-30",
		"staff_member_id" : 117
	},
	{
		"id" : 105,
		"staff_position" : "тренер",
		"qualification" : "",
		"notes" : "1974-07-02",
		"staff_member_id" : 118
	},
	{
		"id" : 106,
		"staff_position" : "пушер ковалкин павел алексеевич",
		"qualification" : "",
		"notes" : "1976-10-20",
		"staff_member_id" : 119
	},
	{
		"id" : 107,
		"staff_position" : "пушер бабаев егор максимович",
		"qualification" : "",
		"notes" : "1982-01-05",
		"staff_member_id" : 120
	},
	{
		"id" : 108,
		"staff_position" : "пушер кузнецов арсений вячеславович",
		"qualification" : "",
		"notes" : "1985-06-21",
		"staff_member_id" : 121
	},
	{
		"id" : 109,
		"staff_position" : "пушер  бабаев александр максимович",
		"qualification" : "",
		"notes" : "1980-12-16",
		"staff_member_id" : 122
	},
	{
		"id" : 110,
		"staff_position" : "координатор",
		"qualification" : "",
		"notes" : "1973-01-14",
		"staff_member_id" : 123
	},
	{
		"id" : 111,
		"staff_position" : "тренер",
		"qualification" : "",
		"notes" : "1991-04-15",
		"staff_member_id" : 124
	},
	{
		"id" : 112,
		"staff_position" : "тренер",
		"qualification" : "",
		"notes" : "1974-02-02",
		"staff_member_id" : 125
	},
	{
		"id" : 113,
		"staff_position" : "тренер",
		"qualification" : "",
		"notes" : "1984-09-05",
		"staff_member_id" : 126
	},
	{
		"id" : 114,
		"staff_position" : "координатор",
		"qualification" : "",
		"notes" : "1983-12-05",
		"staff_member_id" : 127
	},
	{
		"id" : 115,
		"staff_position" : "пушер",
		"qualification" : "",
		"notes" : "1985-02-22",
		"staff_member_id" : 128
	},
	{
		"id" : 116,
		"staff_position" : "главный тренер",
		"qualification" : "",
		"notes" : "1984-08-08",
		"staff_member_id" : 129
	},
	{
		"id" : 117,
		"staff_position" : "координатор",
		"qualification" : "",
		"notes" : "1990-05-08",
		"staff_member_id" : 130
	},
	{
		"id" : 118,
		"staff_position" : "помощник тренера",
		"qualification" : "",
		"notes" : "1985-05-28",
		"staff_member_id" : 131
	},
	{
		"id" : 119,
		"staff_position" : "тренер",
		"qualification" : "",
		"notes" : "1900-01-01",
		"staff_member_id" : 132
	},
	{
		"id" : 120,
		"staff_position" : "и.о. координатор",
		"qualification" : "",
		"notes" : "1984-12-29",
		"staff_member_id" : 133
	},
	{
		"id" : 121,
		"staff_position" : "пушер\/ воробей матвей максимович",
		"qualification" : "",
		"notes" : "1968-07-01",
		"staff_member_id" : 134
	},
	{
		"id" : 122,
		"staff_position" : "тренер",
		"qualification" : "",
		"notes" : "2013-10-27",
		"staff_member_id" : 135
	},
	{
		"id" : 123,
		"staff_position" : "координатор",
		"qualification" : "",
		"notes" : "2015-01-27",
		"staff_member_id" : 136
	},
	{
		"id" : 124,
		"staff_position" : "волонтёр-пушер",
		"qualification" : "",
		"notes" : "2010-05-25",
		"staff_member_id" : 137
	},
	{
		"id" : 125,
		"staff_position" : "координатор",
		"qualification" : "",
		"notes" : "1978-06-06",
		"staff_member_id" : 138
	},
	{
		"id" : 126,
		"staff_position" : "тренер",
		"qualification" : "",
		"notes" : "1976-11-21",
		"staff_member_id" : 139
	},
	{
		"id" : 127,
		"staff_position" : "координатор",
		"qualification" : "",
		"notes" : "1996-04-13",
		"staff_member_id" : 140
	},
	{
		"id" : 128,
		"staff_position" : "тренер",
		"qualification" : "",
		"notes" : "1998-09-02",
		"staff_member_id" : 141
	},
	{
		"id" : 129,
		"staff_position" : "координатор",
		"qualification" : "",
		"notes" : "1996-03-26",
		"staff_member_id" : 142
	},
	{
		"id" : 130,
		"staff_position" : "тренер",
		"qualification" : "",
		"notes" : "1987-08-20",
		"staff_member_id" : 143
	},
	{
		"id" : 131,
		"staff_position" : "пушер \/ сбитнев артемий юрьевич",
		"qualification" : "",
		"notes" : "1977-12-19",
		"staff_member_id" : 144
	},
	{
		"id" : 132,
		"staff_position" : "тренер",
		"qualification" : "",
		"notes" : "1977-03-03",
		"staff_member_id" : 145
	},
	{
		"id" : 133,
		"staff_position" : "тренер",
		"qualification" : "",
		"notes" : "1982-11-09",
		"staff_member_id" : 146
	},
	{
		"id" : 134,
		"staff_position" : "тренер",
		"qualification" : "",
		"notes" : "2007-10-21",
		"staff_member_id" : 147
	},
	{
		"id" : 135,
		"staff_position" : "координатор",
		"qualification" : "",
		"notes" : "2014-09-15",
		"staff_member_id" : 148
	},
	{
		"id" : 136,
		"staff_position" : "старший тренер",
		"qualification" : "",
		"notes" : "1986-01-27",
		"staff_member_id" : 149
	},
	{
		"id" : 137,
		"staff_position" : "тренер",
		"qualification" : "",
		"notes" : "2003-01-10",
		"staff_member_id" : 150
	},
	{
		"id" : 138,
		"staff_position" : "координатор\/методист",
		"qualification" : "",
		"notes" : "1987-09-03",
		"staff_member_id" : 151
	},
	{
		"id" : 139,
		"staff_position" : "тренер",
		"qualification" : "",
		"notes" : "2014-11-27",
		"staff_member_id" : 152
	},
	{
		"id" : 140,
		"staff_position" : "координатор",
		"qualification" : "",
		"notes" : "2014-05-08",
		"staff_member_id" : 153
	},
	{
		"id" : 141,
		"staff_position" : "главный тренер",
		"qualification" : "",
		"notes" : "1900-01-01",
		"staff_member_id" : 154
	},
	{
		"id" : 142,
		"staff_position" : "координаторшпакова елизавета николаевна",
		"qualification" : "",
		"notes" : "1900-01-01",
		"staff_member_id" : 155
	},
	{
		"id" : 143,
		"staff_position" : "тренер",
		"qualification" : "",
		"notes" : "1979-05-27",
		"staff_member_id" : 156
	},
	{
		"id" : 144,
		"staff_position" : "координатор",
		"qualification" : "",
		"notes" : "1978-10-26",
		"staff_member_id" : 157
	},
	{
		"id" : 145,
		"staff_position" : "пушер\/родионов георгий",
		"qualification" : "",
		"notes" : "1979-04-18",
		"staff_member_id" : 158
	},
	{
		"id" : 146,
		"staff_position" : "координатор",
		"qualification" : "",
		"notes" : "1980-06-29",
		"staff_member_id" : 159
	},
	{
		"id" : 147,
		"staff_position" : "главный тренер",
		"qualification" : "",
		"notes" : "1985-05-30",
		"staff_member_id" : 160
	},
	{
		"id" : 148,
		"staff_position" : "тренер",
		"qualification" : "",
		"notes" : "1971-10-22",
		"staff_member_id" : 161
	},
	{
		"id" : 149,
		"staff_position" : "тренер",
		"qualification" : "",
		"notes" : "1987-01-18",
		"staff_member_id" : 162
	},
	{
		"id" : 150,
		"staff_position" : "тренер офп",
		"qualification" : "",
		"notes" : "1983-04-28",
		"staff_member_id" : 163
	}
]
