[
	{
		"id" : 17,
		"name" : "Крылья Мечты Старший состав",
		"city_id" : 21,
		"discipline_name_id" : 2,
		"staff_team_member_id" : null,
		"curator_id" : null
	},
	{
		"id" : 62,
		"name" : "Хоккей Для Детей",
		"city_id" : 24,
		"discipline_name_id" : 1,
		"staff_team_member_id" : 24,
		"curator_id" : null
	},
	{
		"id" : 8,
		"name" : "Медведи",
		"city_id" : 7,
		"discipline_name_id" : 2,
		"staff_team_member_id" : 36,
		"curator_id" : null
	},
	{
		"id" : 13,
		"name" : "Ладья",
		"city_id" : 19,
		"discipline_name_id" : 2,
		"staff_team_member_id" : 38,
		"curator_id" : null
	},
	{
		"id" : 37,
		"name" : "Реванш",
		"city_id" : 35,
		"discipline_name_id" : 2,
		"staff_team_member_id" : 41,
		"curator_id" : null
	},
	{
		"id" : 14,
		"name" : "СКА-Стрела",
		"city_id" : 24,
		"discipline_name_id" : 2,
		"staff_team_member_id" : 42,
		"curator_id" : null
	},
	{
		"id" : 1,
		"name" : "Ракета",
		"city_id" : 23,
		"discipline_name_id" : 2,
		"staff_team_member_id" : 45,
		"curator_id" : null
	},
	{
		"id" : 31,
		"name" : "Форсаж",
		"city_id" : 2,
		"discipline_name_id" : 2,
		"staff_team_member_id" : 46,
		"curator_id" : null
	},
	{
		"id" : 42,
		"name" : "Сборная Новосибирской области",
		"city_id" : 18,
		"discipline_name_id" : 2,
		"staff_team_member_id" : 51,
		"curator_id" : null
	},
	{
		"id" : 46,
		"name" : "Молния Прикамья",
		"city_id" : 22,
		"discipline_name_id" : 3,
		"staff_team_member_id" : 54,
		"curator_id" : null
	},
	{
		"id" : 11,
		"name" : "Волчата",
		"city_id" : 29,
		"discipline_name_id" : 2,
		"staff_team_member_id" : 58,
		"curator_id" : null
	},
	{
		"id" : 20,
		"name" : "Ястребы",
		"city_id" : 20,
		"discipline_name_id" : 2,
		"staff_team_member_id" : 60,
		"curator_id" : null
	},
	{
		"id" : 63,
		"name" : "Метеор",
		"city_id" : 33,
		"discipline_name_id" : 1,
		"staff_team_member_id" : 62,
		"curator_id" : null
	},
	{
		"id" : 10,
		"name" : "Удмуртия",
		"city_id" : 5,
		"discipline_name_id" : 2,
		"staff_team_member_id" : 66,
		"curator_id" : null
	},
	{
		"id" : 21,
		"name" : "Атал",
		"city_id" : 33,
		"discipline_name_id" : 2,
		"staff_team_member_id" : 69,
		"curator_id" : null
	},
	{
		"id" : 26,
		"name" : "Нефтяник",
		"city_id" : 1,
		"discipline_name_id" : 2,
		"staff_team_member_id" : 72,
		"curator_id" : null
	},
	{
		"id" : 24,
		"name" : "Ак Барс",
		"city_id" : 6,
		"discipline_name_id" : 2,
		"staff_team_member_id" : 76,
		"curator_id" : null
	},
	{
		"id" : 40,
		"name" : "Огни Магнитки",
		"city_id" : 15,
		"discipline_name_id" : 2,
		"staff_team_member_id" : 82,
		"curator_id" : null
	},
	{
		"id" : 43,
		"name" : "Медведь",
		"city_id" : 3,
		"discipline_name_id" : 2,
		"staff_team_member_id" : 83,
		"curator_id" : null
	},
	{
		"id" : 5,
		"name" : "Энергия Жизни Сочи",
		"city_id" : 28,
		"discipline_name_id" : 2,
		"staff_team_member_id" : 85,
		"curator_id" : null
	},
	{
		"id" : 9,
		"name" : "Крылья Советов",
		"city_id" : 16,
		"discipline_name_id" : 2,
		"staff_team_member_id" : 112,
		"curator_id" : null
	},
	{
		"id" : 45,
		"name" : "Уралец",
		"city_id" : 4,
		"discipline_name_id" : 2,
		"staff_team_member_id" : 119,
		"curator_id" : null
	},
	{
		"id" : 6,
		"name" : "Энергия Жизни Краснодар",
		"city_id" : 8,
		"discipline_name_id" : 2,
		"staff_team_member_id" : 132,
		"curator_id" : null
	},
	{
		"id" : 27,
		"name" : "Татсиб",
		"city_id" : 6,
		"discipline_name_id" : 2,
		"staff_team_member_id" : 133,
		"curator_id" : null
	},
	{
		"id" : 38,
		"name" : "Торпедо",
		"city_id" : 17,
		"discipline_name_id" : 2,
		"staff_team_member_id" : 134,
		"curator_id" : null
	},
	{
		"id" : 39,
		"name" : "Чайка",
		"city_id" : 17,
		"discipline_name_id" : 2,
		"staff_team_member_id" : 139,
		"curator_id" : null
	},
	{
		"id" : 49,
		"name" : "Ижсталь",
		"city_id" : 5,
		"discipline_name_id" : 3,
		"staff_team_member_id" : 1,
		"curator_id" : null
	},
	{
		"id" : 64,
		"name" : "Амур",
		"city_id" : 38,
		"discipline_name_id" : 3,
		"staff_team_member_id" : 2,
		"curator_id" : null
	},
	{
		"id" : 50,
		"name" : "Симба",
		"city_id" : 31,
		"discipline_name_id" : 3,
		"staff_team_member_id" : 8,
		"curator_id" : null
	},
	{
		"id" : 47,
		"name" : "Юман",
		"city_id" : 33,
		"discipline_name_id" : 3,
		"staff_team_member_id" : 9,
		"curator_id" : null
	},
	{
		"id" : 60,
		"name" : "Йети",
		"city_id" : 16,
		"discipline_name_id" : 1,
		"staff_team_member_id" : 12,
		"curator_id" : null
	},
	{
		"id" : 59,
		"name" : "Стрелка",
		"city_id" : 17,
		"discipline_name_id" : 1,
		"staff_team_member_id" : 14,
		"curator_id" : null
	},
	{
		"id" : 53,
		"name" : "Снежные Барсы",
		"city_id" : 13,
		"discipline_name_id" : 1,
		"staff_team_member_id" : 18,
		"curator_id" : null
	},
	{
		"id" : 56,
		"name" : "Пегас",
		"city_id" : 21,
		"discipline_name_id" : 1,
		"staff_team_member_id" : 19,
		"curator_id" : null
	},
	{
		"id" : 55,
		"name" : "Дети-Икс",
		"city_id" : 26,
		"discipline_name_id" : 1,
		"staff_team_member_id" : 21,
		"curator_id" : null
	},
	{
		"id" : 54,
		"name" : "Energy",
		"city_id" : 28,
		"discipline_name_id" : 1,
		"staff_team_member_id" : 30,
		"curator_id" : null
	},
	{
		"id" : 52,
		"name" : "Pride",
		"city_id" : 16,
		"discipline_name_id" : 1,
		"staff_team_member_id" : 32,
		"curator_id" : null
	},
	{
		"id" : 57,
		"name" : "Ак Барс Спец",
		"city_id" : 6,
		"discipline_name_id" : 1,
		"staff_team_member_id" : null,
		"curator_id" : null
	},
	{
		"id" : 16,
		"name" : "Крылья Мечты Младший состав",
		"city_id" : 21,
		"discipline_name_id" : 2,
		"staff_team_member_id" : null,
		"curator_id" : null
	},
	{
		"id" : 12,
		"name" : "Авангард",
		"city_id" : 19,
		"discipline_name_id" : 2,
		"staff_team_member_id" : null,
		"curator_id" : null
	},
	{
		"id" : 61,
		"name" : "Хоккей Для Детей (юниор)",
		"city_id" : 24,
		"discipline_name_id" : 1,
		"staff_team_member_id" : null,
		"curator_id" : null
	},
	{
		"id" : 4,
		"name" : "Молния Прикамья следж",
		"city_id" : 22,
		"discipline_name_id" : 2,
		"staff_team_member_id" : null,
		"curator_id" : null
	},
	{
		"id" : 28,
		"name" : "Метеор следж",
		"city_id" : 12,
		"discipline_name_id" : 2,
		"staff_team_member_id" : null,
		"curator_id" : null
	},
	{
		"id" : 58,
		"name" : "Реванш Спец",
		"city_id" : 35,
		"discipline_name_id" : 1,
		"staff_team_member_id" : null,
		"curator_id" : null
	},
	{
		"id" : 30,
		"name" : "Сияжар (Саранск)",
		"city_id" : 25,
		"discipline_name_id" : 2,
		"staff_team_member_id" : null,
		"curator_id" : null
	},
	{
		"id" : 51,
		"name" : "Снеговики",
		"city_id" : 18,
		"discipline_name_id" : 3,
		"staff_team_member_id" : null,
		"curator_id" : null
	},
	{
		"id" : 18,
		"name" : "Тропик",
		"city_id" : 30,
		"discipline_name_id" : 2,
		"staff_team_member_id" : null,
		"curator_id" : null
	},
	{
		"id" : 44,
		"name" : "Уралец 2",
		"city_id" : 4,
		"discipline_name_id" : 2,
		"staff_team_member_id" : null,
		"curator_id" : null
	},
	{
		"id" : 48,
		"name" : "Фортуна",
		"city_id" : 16,
		"discipline_name_id" : 3,
		"staff_team_member_id" : null,
		"curator_id" : null
	},
	{
		"id" : 25,
		"name" : "Барс",
		"city_id" : 6,
		"discipline_name_id" : 2,
		"staff_team_member_id" : 34,
		"curator_id" : null
	},
	{
		"id" : 22,
		"name" : "Торнадо",
		"city_id" : 4,
		"discipline_name_id" : 2,
		"staff_team_member_id" : 92,
		"curator_id" : null
	},
	{
		"id" : 15,
		"name" : "Динамо-Москва",
		"city_id" : 16,
		"discipline_name_id" : 2,
		"staff_team_member_id" : 94,
		"curator_id" : null
	},
	{
		"id" : 36,
		"name" : "Красная Ракета",
		"city_id" : 11,
		"discipline_name_id" : 2,
		"staff_team_member_id" : 96,
		"curator_id" : null
	},
	{
		"id" : 29,
		"name" : "Сияжар",
		"city_id" : 9,
		"discipline_name_id" : 2,
		"staff_team_member_id" : 102,
		"curator_id" : null
	},
	{
		"id" : 65,
		"name" : "Следж",
		"city_id" : 28,
		"discipline_name_id" : 2,
		"staff_team_member_id" : 105,
		"curator_id" : null
	},
	{
		"id" : 7,
		"name" : "Volga",
		"city_id" : 26,
		"discipline_name_id" : 2,
		"staff_team_member_id" : 113,
		"curator_id" : null
	},
	{
		"id" : 23,
		"name" : "Чехов",
		"city_id" : 34,
		"discipline_name_id" : 2,
		"staff_team_member_id" : 118,
		"curator_id" : null
	},
	{
		"id" : 35,
		"name" : "Луганск",
		"city_id" : 14,
		"discipline_name_id" : 2,
		"staff_team_member_id" : 122,
		"curator_id" : null
	},
	{
		"id" : 2,
		"name" : "Сахалинские Львята",
		"city_id" : 27,
		"discipline_name_id" : 2,
		"staff_team_member_id" : 126,
		"curator_id" : null
	},
	{
		"id" : 33,
		"name" : "Мамонтята Югры",
		"city_id" : 32,
		"discipline_name_id" : 2,
		"staff_team_member_id" : 128,
		"curator_id" : null
	},
	{
		"id" : 32,
		"name" : "Югра",
		"city_id" : 36,
		"discipline_name_id" : 2,
		"staff_team_member_id" : 130,
		"curator_id" : null
	},
	{
		"id" : 3,
		"name" : "Локо",
		"city_id" : 37,
		"discipline_name_id" : 2,
		"staff_team_member_id" : 137,
		"curator_id" : null
	},
	{
		"id" : 34,
		"name" : "Красная Молния",
		"city_id" : 10,
		"discipline_name_id" : 2,
		"staff_team_member_id" : 141,
		"curator_id" : null
	},
	{
		"id" : 19,
		"name" : "Уральские Волки",
		"city_id" : 4,
		"discipline_name_id" : 2,
		"staff_team_member_id" : 143,
		"curator_id" : null
	},
	{
		"id" : 41,
		"name" : "Спартак",
		"city_id" : 16,
		"discipline_name_id" : 2,
		"staff_team_member_id" : 150,
		"curator_id" : null
	}
]
