[
	{
		"id" : 1,
		"player_id" : 1,
		"team_id" : 49
	},
	{
		"id" : 2,
		"player_id" : 2,
		"team_id" : 49
	},
	{
		"id" : 3,
		"player_id" : 3,
		"team_id" : 49
	},
	{
		"id" : 4,
		"player_id" : 4,
		"team_id" : 49
	},
	{
		"id" : 5,
		"player_id" : 5,
		"team_id" : 49
	},
	{
		"id" : 6,
		"player_id" : 6,
		"team_id" : 49
	},
	{
		"id" : 7,
		"player_id" : 7,
		"team_id" : 49
	},
	{
		"id" : 8,
		"player_id" : 8,
		"team_id" : 49
	},
	{
		"id" : 9,
		"player_id" : 9,
		"team_id" : 49
	},
	{
		"id" : 10,
		"player_id" : 10,
		"team_id" : 49
	},
	{
		"id" : 11,
		"player_id" : 11,
		"team_id" : 49
	},
	{
		"id" : 12,
		"player_id" : 12,
		"team_id" : 49
	},
	{
		"id" : 13,
		"player_id" : 13,
		"team_id" : 49
	},
	{
		"id" : 14,
		"player_id" : 14,
		"team_id" : 49
	},
	{
		"id" : 15,
		"player_id" : 15,
		"team_id" : 49
	},
	{
		"id" : 16,
		"player_id" : 16,
		"team_id" : 49
	},
	{
		"id" : 17,
		"player_id" : 17,
		"team_id" : 49
	},
	{
		"id" : 18,
		"player_id" : 18,
		"team_id" : 49
	},
	{
		"id" : 19,
		"player_id" : 19,
		"team_id" : 49
	},
	{
		"id" : 20,
		"player_id" : 20,
		"team_id" : 64
	},
	{
		"id" : 21,
		"player_id" : 21,
		"team_id" : 64
	},
	{
		"id" : 22,
		"player_id" : 22,
		"team_id" : 64
	},
	{
		"id" : 23,
		"player_id" : 23,
		"team_id" : 64
	},
	{
		"id" : 24,
		"player_id" : 24,
		"team_id" : 64
	},
	{
		"id" : 25,
		"player_id" : 25,
		"team_id" : 64
	},
	{
		"id" : 26,
		"player_id" : 26,
		"team_id" : 64
	},
	{
		"id" : 27,
		"player_id" : 27,
		"team_id" : 64
	},
	{
		"id" : 28,
		"player_id" : 28,
		"team_id" : 64
	},
	{
		"id" : 29,
		"player_id" : 29,
		"team_id" : 64
	},
	{
		"id" : 30,
		"player_id" : 30,
		"team_id" : 64
	},
	{
		"id" : 31,
		"player_id" : 31,
		"team_id" : 48
	},
	{
		"id" : 32,
		"player_id" : 32,
		"team_id" : 48
	},
	{
		"id" : 33,
		"player_id" : 33,
		"team_id" : 48
	},
	{
		"id" : 34,
		"player_id" : 34,
		"team_id" : 48
	},
	{
		"id" : 35,
		"player_id" : 35,
		"team_id" : 48
	},
	{
		"id" : 36,
		"player_id" : 36,
		"team_id" : 48
	},
	{
		"id" : 37,
		"player_id" : 37,
		"team_id" : 48
	},
	{
		"id" : 38,
		"player_id" : 38,
		"team_id" : 48
	},
	{
		"id" : 39,
		"player_id" : 39,
		"team_id" : 48
	},
	{
		"id" : 40,
		"player_id" : 40,
		"team_id" : 48
	},
	{
		"id" : 41,
		"player_id" : 41,
		"team_id" : 48
	},
	{
		"id" : 42,
		"player_id" : 42,
		"team_id" : 46
	},
	{
		"id" : 43,
		"player_id" : 43,
		"team_id" : 46
	},
	{
		"id" : 44,
		"player_id" : 44,
		"team_id" : 46
	},
	{
		"id" : 45,
		"player_id" : 45,
		"team_id" : 46
	},
	{
		"id" : 46,
		"player_id" : 46,
		"team_id" : 46
	},
	{
		"id" : 47,
		"player_id" : 47,
		"team_id" : 46
	},
	{
		"id" : 48,
		"player_id" : 48,
		"team_id" : 46
	},
	{
		"id" : 49,
		"player_id" : 49,
		"team_id" : 46
	},
	{
		"id" : 50,
		"player_id" : 50,
		"team_id" : 46
	},
	{
		"id" : 51,
		"player_id" : 51,
		"team_id" : 46
	},
	{
		"id" : 52,
		"player_id" : 52,
		"team_id" : 46
	},
	{
		"id" : 53,
		"player_id" : 53,
		"team_id" : 46
	},
	{
		"id" : 54,
		"player_id" : 54,
		"team_id" : 46
	},
	{
		"id" : 55,
		"player_id" : 55,
		"team_id" : 46
	},
	{
		"id" : 56,
		"player_id" : 56,
		"team_id" : 46
	},
	{
		"id" : 57,
		"player_id" : 58,
		"team_id" : 50
	},
	{
		"id" : 58,
		"player_id" : 59,
		"team_id" : 50
	},
	{
		"id" : 59,
		"player_id" : 60,
		"team_id" : 50
	},
	{
		"id" : 60,
		"player_id" : 61,
		"team_id" : 50
	},
	{
		"id" : 61,
		"player_id" : 62,
		"team_id" : 50
	},
	{
		"id" : 62,
		"player_id" : 63,
		"team_id" : 50
	},
	{
		"id" : 63,
		"player_id" : 64,
		"team_id" : 50
	},
	{
		"id" : 64,
		"player_id" : 65,
		"team_id" : 50
	},
	{
		"id" : 65,
		"player_id" : 66,
		"team_id" : 50
	},
	{
		"id" : 66,
		"player_id" : 67,
		"team_id" : 50
	},
	{
		"id" : 67,
		"player_id" : 68,
		"team_id" : 50
	},
	{
		"id" : 68,
		"player_id" : 69,
		"team_id" : 47
	},
	{
		"id" : 69,
		"player_id" : 70,
		"team_id" : 47
	},
	{
		"id" : 70,
		"player_id" : 71,
		"team_id" : 47
	},
	{
		"id" : 71,
		"player_id" : 72,
		"team_id" : 47
	},
	{
		"id" : 72,
		"player_id" : 73,
		"team_id" : 47
	},
	{
		"id" : 73,
		"player_id" : 74,
		"team_id" : 47
	},
	{
		"id" : 74,
		"player_id" : 75,
		"team_id" : 47
	},
	{
		"id" : 75,
		"player_id" : 76,
		"team_id" : 47
	},
	{
		"id" : 76,
		"player_id" : 77,
		"team_id" : 47
	},
	{
		"id" : 77,
		"player_id" : 78,
		"team_id" : 47
	},
	{
		"id" : 78,
		"player_id" : 79,
		"team_id" : 47
	},
	{
		"id" : 79,
		"player_id" : 80,
		"team_id" : 51
	},
	{
		"id" : 80,
		"player_id" : 81,
		"team_id" : 51
	},
	{
		"id" : 81,
		"player_id" : 82,
		"team_id" : 51
	},
	{
		"id" : 82,
		"player_id" : 83,
		"team_id" : 51
	},
	{
		"id" : 83,
		"player_id" : 84,
		"team_id" : 51
	},
	{
		"id" : 84,
		"player_id" : 85,
		"team_id" : 51
	},
	{
		"id" : 85,
		"player_id" : 86,
		"team_id" : 51
	},
	{
		"id" : 86,
		"player_id" : 87,
		"team_id" : 51
	},
	{
		"id" : 87,
		"player_id" : 88,
		"team_id" : 51
	},
	{
		"id" : 88,
		"player_id" : 89,
		"team_id" : 51
	},
	{
		"id" : 89,
		"player_id" : 90,
		"team_id" : 51
	},
	{
		"id" : 90,
		"player_id" : 91,
		"team_id" : 51
	},
	{
		"id" : 91,
		"player_id" : 92,
		"team_id" : 51
	},
	{
		"id" : 92,
		"player_id" : 93,
		"team_id" : 51
	},
	{
		"id" : 93,
		"player_id" : 94,
		"team_id" : 60
	},
	{
		"id" : 94,
		"player_id" : 95,
		"team_id" : 60
	},
	{
		"id" : 95,
		"player_id" : 96,
		"team_id" : 60
	},
	{
		"id" : 96,
		"player_id" : 97,
		"team_id" : 60
	},
	{
		"id" : 97,
		"player_id" : 98,
		"team_id" : 60
	},
	{
		"id" : 98,
		"player_id" : 99,
		"team_id" : 60
	},
	{
		"id" : 99,
		"player_id" : 100,
		"team_id" : 60
	},
	{
		"id" : 100,
		"player_id" : 101,
		"team_id" : 60
	},
	{
		"id" : 101,
		"player_id" : 102,
		"team_id" : 60
	},
	{
		"id" : 102,
		"player_id" : 103,
		"team_id" : 60
	},
	{
		"id" : 103,
		"player_id" : 104,
		"team_id" : 60
	},
	{
		"id" : 104,
		"player_id" : 105,
		"team_id" : 60
	},
	{
		"id" : 105,
		"player_id" : 106,
		"team_id" : 60
	},
	{
		"id" : 106,
		"player_id" : 107,
		"team_id" : 60
	},
	{
		"id" : 107,
		"player_id" : 108,
		"team_id" : 60
	},
	{
		"id" : 108,
		"player_id" : 109,
		"team_id" : 60
	},
	{
		"id" : 109,
		"player_id" : 110,
		"team_id" : 24
	},
	{
		"id" : 110,
		"player_id" : 111,
		"team_id" : 24
	},
	{
		"id" : 111,
		"player_id" : 112,
		"team_id" : 24
	},
	{
		"id" : 112,
		"player_id" : 113,
		"team_id" : 24
	},
	{
		"id" : 113,
		"player_id" : 114,
		"team_id" : 24
	},
	{
		"id" : 114,
		"player_id" : 115,
		"team_id" : 24
	},
	{
		"id" : 115,
		"player_id" : 116,
		"team_id" : 24
	},
	{
		"id" : 116,
		"player_id" : 117,
		"team_id" : 24
	},
	{
		"id" : 117,
		"player_id" : 118,
		"team_id" : 24
	},
	{
		"id" : 118,
		"player_id" : 119,
		"team_id" : 24
	},
	{
		"id" : 119,
		"player_id" : 120,
		"team_id" : 24
	},
	{
		"id" : 120,
		"player_id" : 121,
		"team_id" : 24
	},
	{
		"id" : 121,
		"player_id" : 122,
		"team_id" : 24
	},
	{
		"id" : 122,
		"player_id" : 123,
		"team_id" : 59
	},
	{
		"id" : 123,
		"player_id" : 124,
		"team_id" : 59
	},
	{
		"id" : 124,
		"player_id" : 125,
		"team_id" : 59
	},
	{
		"id" : 125,
		"player_id" : 126,
		"team_id" : 59
	},
	{
		"id" : 126,
		"player_id" : 127,
		"team_id" : 59
	},
	{
		"id" : 127,
		"player_id" : 128,
		"team_id" : 59
	},
	{
		"id" : 128,
		"player_id" : 129,
		"team_id" : 59
	},
	{
		"id" : 129,
		"player_id" : 130,
		"team_id" : 59
	},
	{
		"id" : 130,
		"player_id" : 131,
		"team_id" : 59
	},
	{
		"id" : 131,
		"player_id" : 132,
		"team_id" : 59
	},
	{
		"id" : 132,
		"player_id" : 133,
		"team_id" : 59
	},
	{
		"id" : 133,
		"player_id" : 134,
		"team_id" : 53
	},
	{
		"id" : 134,
		"player_id" : 135,
		"team_id" : 53
	},
	{
		"id" : 135,
		"player_id" : 136,
		"team_id" : 53
	},
	{
		"id" : 136,
		"player_id" : 137,
		"team_id" : 53
	},
	{
		"id" : 137,
		"player_id" : 138,
		"team_id" : 53
	},
	{
		"id" : 138,
		"player_id" : 139,
		"team_id" : 53
	},
	{
		"id" : 139,
		"player_id" : 140,
		"team_id" : 53
	},
	{
		"id" : 140,
		"player_id" : 141,
		"team_id" : 53
	},
	{
		"id" : 141,
		"player_id" : 142,
		"team_id" : 53
	},
	{
		"id" : 142,
		"player_id" : 143,
		"team_id" : 53
	},
	{
		"id" : 143,
		"player_id" : 144,
		"team_id" : 53
	},
	{
		"id" : 144,
		"player_id" : 145,
		"team_id" : 53
	},
	{
		"id" : 145,
		"player_id" : 146,
		"team_id" : 53
	},
	{
		"id" : 146,
		"player_id" : 147,
		"team_id" : 53
	},
	{
		"id" : 147,
		"player_id" : 148,
		"team_id" : 53
	},
	{
		"id" : 148,
		"player_id" : 149,
		"team_id" : 53
	},
	{
		"id" : 149,
		"player_id" : 150,
		"team_id" : 53
	},
	{
		"id" : 150,
		"player_id" : 151,
		"team_id" : 62
	},
	{
		"id" : 151,
		"player_id" : 152,
		"team_id" : 62
	},
	{
		"id" : 152,
		"player_id" : 153,
		"team_id" : 62
	},
	{
		"id" : 153,
		"player_id" : 154,
		"team_id" : 62
	},
	{
		"id" : 154,
		"player_id" : 155,
		"team_id" : 62
	},
	{
		"id" : 155,
		"player_id" : 156,
		"team_id" : 62
	},
	{
		"id" : 156,
		"player_id" : 157,
		"team_id" : 62
	},
	{
		"id" : 157,
		"player_id" : 158,
		"team_id" : 62
	},
	{
		"id" : 158,
		"player_id" : 159,
		"team_id" : 62
	},
	{
		"id" : 159,
		"player_id" : 160,
		"team_id" : 62
	},
	{
		"id" : 160,
		"player_id" : 161,
		"team_id" : 62
	},
	{
		"id" : 161,
		"player_id" : 162,
		"team_id" : 62
	},
	{
		"id" : 162,
		"player_id" : 163,
		"team_id" : 62
	},
	{
		"id" : 163,
		"player_id" : 164,
		"team_id" : 62
	},
	{
		"id" : 164,
		"player_id" : 165,
		"team_id" : 62
	},
	{
		"id" : 165,
		"player_id" : 166,
		"team_id" : 62
	},
	{
		"id" : 166,
		"player_id" : 167,
		"team_id" : 56
	},
	{
		"id" : 167,
		"player_id" : 168,
		"team_id" : 56
	},
	{
		"id" : 168,
		"player_id" : 169,
		"team_id" : 56
	},
	{
		"id" : 169,
		"player_id" : 170,
		"team_id" : 56
	},
	{
		"id" : 170,
		"player_id" : 171,
		"team_id" : 56
	},
	{
		"id" : 171,
		"player_id" : 172,
		"team_id" : 56
	},
	{
		"id" : 172,
		"player_id" : 173,
		"team_id" : 56
	},
	{
		"id" : 173,
		"player_id" : 174,
		"team_id" : 56
	},
	{
		"id" : 174,
		"player_id" : 175,
		"team_id" : 56
	},
	{
		"id" : 175,
		"player_id" : 176,
		"team_id" : 56
	},
	{
		"id" : 176,
		"player_id" : 177,
		"team_id" : 56
	},
	{
		"id" : 177,
		"player_id" : 178,
		"team_id" : 55
	},
	{
		"id" : 178,
		"player_id" : 179,
		"team_id" : 55
	},
	{
		"id" : 179,
		"player_id" : 180,
		"team_id" : 55
	},
	{
		"id" : 180,
		"player_id" : 181,
		"team_id" : 55
	},
	{
		"id" : 181,
		"player_id" : 182,
		"team_id" : 55
	},
	{
		"id" : 182,
		"player_id" : 183,
		"team_id" : 55
	},
	{
		"id" : 183,
		"player_id" : 184,
		"team_id" : 55
	},
	{
		"id" : 184,
		"player_id" : 185,
		"team_id" : 55
	},
	{
		"id" : 185,
		"player_id" : 186,
		"team_id" : 55
	},
	{
		"id" : 186,
		"player_id" : 187,
		"team_id" : 55
	},
	{
		"id" : 187,
		"player_id" : 188,
		"team_id" : 55
	},
	{
		"id" : 188,
		"player_id" : 189,
		"team_id" : 63
	},
	{
		"id" : 189,
		"player_id" : 190,
		"team_id" : 63
	},
	{
		"id" : 190,
		"player_id" : 191,
		"team_id" : 63
	},
	{
		"id" : 191,
		"player_id" : 192,
		"team_id" : 63
	},
	{
		"id" : 192,
		"player_id" : 193,
		"team_id" : 63
	},
	{
		"id" : 193,
		"player_id" : 194,
		"team_id" : 63
	},
	{
		"id" : 194,
		"player_id" : 195,
		"team_id" : 63
	},
	{
		"id" : 195,
		"player_id" : 196,
		"team_id" : 63
	},
	{
		"id" : 196,
		"player_id" : 197,
		"team_id" : 63
	},
	{
		"id" : 197,
		"player_id" : 198,
		"team_id" : 63
	},
	{
		"id" : 198,
		"player_id" : 199,
		"team_id" : 63
	},
	{
		"id" : 199,
		"player_id" : 200,
		"team_id" : 62
	},
	{
		"id" : 200,
		"player_id" : 201,
		"team_id" : 62
	},
	{
		"id" : 201,
		"player_id" : 202,
		"team_id" : 62
	},
	{
		"id" : 202,
		"player_id" : 203,
		"team_id" : 62
	},
	{
		"id" : 203,
		"player_id" : 204,
		"team_id" : 62
	},
	{
		"id" : 204,
		"player_id" : 205,
		"team_id" : 62
	},
	{
		"id" : 205,
		"player_id" : 206,
		"team_id" : 62
	},
	{
		"id" : 206,
		"player_id" : 207,
		"team_id" : 62
	},
	{
		"id" : 207,
		"player_id" : 208,
		"team_id" : 62
	},
	{
		"id" : 208,
		"player_id" : 209,
		"team_id" : 62
	},
	{
		"id" : 209,
		"player_id" : 210,
		"team_id" : 62
	},
	{
		"id" : 210,
		"player_id" : 211,
		"team_id" : 62
	},
	{
		"id" : 211,
		"player_id" : 212,
		"team_id" : 62
	},
	{
		"id" : 212,
		"player_id" : 213,
		"team_id" : 37
	},
	{
		"id" : 213,
		"player_id" : 214,
		"team_id" : 37
	},
	{
		"id" : 214,
		"player_id" : 215,
		"team_id" : 37
	},
	{
		"id" : 215,
		"player_id" : 216,
		"team_id" : 37
	},
	{
		"id" : 216,
		"player_id" : 217,
		"team_id" : 37
	},
	{
		"id" : 217,
		"player_id" : 218,
		"team_id" : 37
	},
	{
		"id" : 218,
		"player_id" : 219,
		"team_id" : 37
	},
	{
		"id" : 219,
		"player_id" : 220,
		"team_id" : 37
	},
	{
		"id" : 220,
		"player_id" : 221,
		"team_id" : 37
	},
	{
		"id" : 221,
		"player_id" : 222,
		"team_id" : 37
	},
	{
		"id" : 222,
		"player_id" : 223,
		"team_id" : 37
	},
	{
		"id" : 223,
		"player_id" : 224,
		"team_id" : 37
	},
	{
		"id" : 224,
		"player_id" : 225,
		"team_id" : 37
	},
	{
		"id" : 225,
		"player_id" : 226,
		"team_id" : 54
	},
	{
		"id" : 226,
		"player_id" : 227,
		"team_id" : 54
	},
	{
		"id" : 227,
		"player_id" : 228,
		"team_id" : 54
	},
	{
		"id" : 228,
		"player_id" : 229,
		"team_id" : 54
	},
	{
		"id" : 229,
		"player_id" : 230,
		"team_id" : 54
	},
	{
		"id" : 230,
		"player_id" : 231,
		"team_id" : 54
	},
	{
		"id" : 231,
		"player_id" : 232,
		"team_id" : 54
	},
	{
		"id" : 232,
		"player_id" : 233,
		"team_id" : 54
	},
	{
		"id" : 233,
		"player_id" : 234,
		"team_id" : 54
	},
	{
		"id" : 234,
		"player_id" : 235,
		"team_id" : 54
	},
	{
		"id" : 235,
		"player_id" : 236,
		"team_id" : 54
	},
	{
		"id" : 236,
		"player_id" : 237,
		"team_id" : 54
	},
	{
		"id" : 237,
		"player_id" : 240,
		"team_id" : 54
	},
	{
		"id" : 238,
		"player_id" : 250,
		"team_id" : 52
	},
	{
		"id" : 239,
		"player_id" : 251,
		"team_id" : 52
	},
	{
		"id" : 240,
		"player_id" : 252,
		"team_id" : 52
	},
	{
		"id" : 241,
		"player_id" : 253,
		"team_id" : 52
	},
	{
		"id" : 242,
		"player_id" : 254,
		"team_id" : 52
	},
	{
		"id" : 243,
		"player_id" : 255,
		"team_id" : 52
	},
	{
		"id" : 244,
		"player_id" : 256,
		"team_id" : 52
	},
	{
		"id" : 245,
		"player_id" : 257,
		"team_id" : 52
	},
	{
		"id" : 246,
		"player_id" : 258,
		"team_id" : 52
	},
	{
		"id" : 247,
		"player_id" : 259,
		"team_id" : 52
	},
	{
		"id" : 248,
		"player_id" : 260,
		"team_id" : 52
	},
	{
		"id" : 249,
		"player_id" : 261,
		"team_id" : 25
	},
	{
		"id" : 250,
		"player_id" : 262,
		"team_id" : 25
	},
	{
		"id" : 251,
		"player_id" : 263,
		"team_id" : 25
	},
	{
		"id" : 252,
		"player_id" : 264,
		"team_id" : 25
	},
	{
		"id" : 253,
		"player_id" : 265,
		"team_id" : 25
	},
	{
		"id" : 254,
		"player_id" : 266,
		"team_id" : 25
	},
	{
		"id" : 255,
		"player_id" : 267,
		"team_id" : 25
	},
	{
		"id" : 256,
		"player_id" : 268,
		"team_id" : 25
	},
	{
		"id" : 257,
		"player_id" : 269,
		"team_id" : 25
	},
	{
		"id" : 258,
		"player_id" : 270,
		"team_id" : 25
	},
	{
		"id" : 259,
		"player_id" : 271,
		"team_id" : 25
	},
	{
		"id" : 260,
		"player_id" : 272,
		"team_id" : 25
	},
	{
		"id" : 261,
		"player_id" : 273,
		"team_id" : 25
	},
	{
		"id" : 262,
		"player_id" : 274,
		"team_id" : 8
	},
	{
		"id" : 263,
		"player_id" : 275,
		"team_id" : 8
	},
	{
		"id" : 264,
		"player_id" : 276,
		"team_id" : 8
	},
	{
		"id" : 265,
		"player_id" : 277,
		"team_id" : 8
	},
	{
		"id" : 266,
		"player_id" : 278,
		"team_id" : 8
	},
	{
		"id" : 267,
		"player_id" : 279,
		"team_id" : 8
	},
	{
		"id" : 268,
		"player_id" : 280,
		"team_id" : 8
	},
	{
		"id" : 269,
		"player_id" : 281,
		"team_id" : 8
	},
	{
		"id" : 270,
		"player_id" : 282,
		"team_id" : 8
	},
	{
		"id" : 271,
		"player_id" : 283,
		"team_id" : 8
	},
	{
		"id" : 272,
		"player_id" : 284,
		"team_id" : 8
	},
	{
		"id" : 273,
		"player_id" : 285,
		"team_id" : 13
	},
	{
		"id" : 274,
		"player_id" : 286,
		"team_id" : 13
	},
	{
		"id" : 275,
		"player_id" : 287,
		"team_id" : 13
	},
	{
		"id" : 276,
		"player_id" : 288,
		"team_id" : 13
	},
	{
		"id" : 277,
		"player_id" : 289,
		"team_id" : 13
	},
	{
		"id" : 278,
		"player_id" : 290,
		"team_id" : 13
	},
	{
		"id" : 279,
		"player_id" : 291,
		"team_id" : 13
	},
	{
		"id" : 280,
		"player_id" : 292,
		"team_id" : 13
	},
	{
		"id" : 281,
		"player_id" : 293,
		"team_id" : 13
	},
	{
		"id" : 282,
		"player_id" : 294,
		"team_id" : 13
	},
	{
		"id" : 283,
		"player_id" : 295,
		"team_id" : 13
	},
	{
		"id" : 284,
		"player_id" : 296,
		"team_id" : 37
	},
	{
		"id" : 285,
		"player_id" : 297,
		"team_id" : 37
	},
	{
		"id" : 286,
		"player_id" : 298,
		"team_id" : 37
	},
	{
		"id" : 287,
		"player_id" : 299,
		"team_id" : 37
	},
	{
		"id" : 288,
		"player_id" : 300,
		"team_id" : 37
	},
	{
		"id" : 289,
		"player_id" : 301,
		"team_id" : 37
	},
	{
		"id" : 290,
		"player_id" : 302,
		"team_id" : 37
	},
	{
		"id" : 291,
		"player_id" : 303,
		"team_id" : 37
	},
	{
		"id" : 292,
		"player_id" : 304,
		"team_id" : 37
	},
	{
		"id" : 293,
		"player_id" : 305,
		"team_id" : 37
	},
	{
		"id" : 294,
		"player_id" : 306,
		"team_id" : 37
	},
	{
		"id" : 295,
		"player_id" : 307,
		"team_id" : 37
	},
	{
		"id" : 296,
		"player_id" : 308,
		"team_id" : 37
	},
	{
		"id" : 297,
		"player_id" : 309,
		"team_id" : 37
	},
	{
		"id" : 298,
		"player_id" : 310,
		"team_id" : 37
	},
	{
		"id" : 299,
		"player_id" : 311,
		"team_id" : 37
	},
	{
		"id" : 300,
		"player_id" : 312,
		"team_id" : 37
	},
	{
		"id" : 301,
		"player_id" : 313,
		"team_id" : 37
	},
	{
		"id" : 302,
		"player_id" : 314,
		"team_id" : 37
	},
	{
		"id" : 303,
		"player_id" : 315,
		"team_id" : 14
	},
	{
		"id" : 304,
		"player_id" : 316,
		"team_id" : 14
	},
	{
		"id" : 305,
		"player_id" : 317,
		"team_id" : 14
	},
	{
		"id" : 306,
		"player_id" : 318,
		"team_id" : 14
	},
	{
		"id" : 307,
		"player_id" : 319,
		"team_id" : 14
	},
	{
		"id" : 308,
		"player_id" : 320,
		"team_id" : 14
	},
	{
		"id" : 309,
		"player_id" : 321,
		"team_id" : 14
	},
	{
		"id" : 310,
		"player_id" : 322,
		"team_id" : 14
	},
	{
		"id" : 311,
		"player_id" : 323,
		"team_id" : 14
	},
	{
		"id" : 312,
		"player_id" : 324,
		"team_id" : 14
	},
	{
		"id" : 313,
		"player_id" : 325,
		"team_id" : 14
	},
	{
		"id" : 314,
		"player_id" : 326,
		"team_id" : 14
	},
	{
		"id" : 315,
		"player_id" : 327,
		"team_id" : 14
	},
	{
		"id" : 316,
		"player_id" : 328,
		"team_id" : 14
	},
	{
		"id" : 317,
		"player_id" : 329,
		"team_id" : 1
	},
	{
		"id" : 318,
		"player_id" : 330,
		"team_id" : 1
	},
	{
		"id" : 319,
		"player_id" : 331,
		"team_id" : 1
	},
	{
		"id" : 320,
		"player_id" : 332,
		"team_id" : 1
	},
	{
		"id" : 321,
		"player_id" : 333,
		"team_id" : 1
	},
	{
		"id" : 322,
		"player_id" : 334,
		"team_id" : 1
	},
	{
		"id" : 323,
		"player_id" : 335,
		"team_id" : 1
	},
	{
		"id" : 324,
		"player_id" : 336,
		"team_id" : 1
	},
	{
		"id" : 325,
		"player_id" : 337,
		"team_id" : 1
	},
	{
		"id" : 326,
		"player_id" : 338,
		"team_id" : 1
	},
	{
		"id" : 327,
		"player_id" : 339,
		"team_id" : 1
	},
	{
		"id" : 328,
		"player_id" : 340,
		"team_id" : 1
	},
	{
		"id" : 329,
		"player_id" : 341,
		"team_id" : 31
	},
	{
		"id" : 330,
		"player_id" : 342,
		"team_id" : 31
	},
	{
		"id" : 331,
		"player_id" : 343,
		"team_id" : 31
	},
	{
		"id" : 332,
		"player_id" : 344,
		"team_id" : 31
	},
	{
		"id" : 333,
		"player_id" : 345,
		"team_id" : 31
	},
	{
		"id" : 334,
		"player_id" : 346,
		"team_id" : 31
	},
	{
		"id" : 335,
		"player_id" : 347,
		"team_id" : 31
	},
	{
		"id" : 336,
		"player_id" : 348,
		"team_id" : 31
	},
	{
		"id" : 337,
		"player_id" : 349,
		"team_id" : 31
	},
	{
		"id" : 338,
		"player_id" : 350,
		"team_id" : 31
	},
	{
		"id" : 339,
		"player_id" : 351,
		"team_id" : 31
	},
	{
		"id" : 340,
		"player_id" : 352,
		"team_id" : 42
	},
	{
		"id" : 341,
		"player_id" : 353,
		"team_id" : 42
	},
	{
		"id" : 342,
		"player_id" : 354,
		"team_id" : 42
	},
	{
		"id" : 343,
		"player_id" : 355,
		"team_id" : 42
	},
	{
		"id" : 344,
		"player_id" : 356,
		"team_id" : 42
	},
	{
		"id" : 345,
		"player_id" : 357,
		"team_id" : 42
	},
	{
		"id" : 346,
		"player_id" : 358,
		"team_id" : 42
	},
	{
		"id" : 347,
		"player_id" : 359,
		"team_id" : 42
	},
	{
		"id" : 348,
		"player_id" : 360,
		"team_id" : 42
	},
	{
		"id" : 349,
		"player_id" : 361,
		"team_id" : 42
	},
	{
		"id" : 350,
		"player_id" : 362,
		"team_id" : 42
	},
	{
		"id" : 351,
		"player_id" : 363,
		"team_id" : 42
	},
	{
		"id" : 352,
		"player_id" : 364,
		"team_id" : 42
	},
	{
		"id" : 353,
		"player_id" : 365,
		"team_id" : 46
	},
	{
		"id" : 354,
		"player_id" : 366,
		"team_id" : 46
	},
	{
		"id" : 355,
		"player_id" : 367,
		"team_id" : 46
	},
	{
		"id" : 356,
		"player_id" : 368,
		"team_id" : 46
	},
	{
		"id" : 357,
		"player_id" : 369,
		"team_id" : 46
	},
	{
		"id" : 358,
		"player_id" : 370,
		"team_id" : 46
	},
	{
		"id" : 359,
		"player_id" : 371,
		"team_id" : 46
	},
	{
		"id" : 360,
		"player_id" : 372,
		"team_id" : 46
	},
	{
		"id" : 361,
		"player_id" : 373,
		"team_id" : 46
	},
	{
		"id" : 362,
		"player_id" : 374,
		"team_id" : 46
	},
	{
		"id" : 363,
		"player_id" : 375,
		"team_id" : 46
	},
	{
		"id" : 364,
		"player_id" : 376,
		"team_id" : 46
	},
	{
		"id" : 365,
		"player_id" : 377,
		"team_id" : 46
	},
	{
		"id" : 366,
		"player_id" : 378,
		"team_id" : 11
	},
	{
		"id" : 367,
		"player_id" : 379,
		"team_id" : 11
	},
	{
		"id" : 368,
		"player_id" : 380,
		"team_id" : 11
	},
	{
		"id" : 369,
		"player_id" : 381,
		"team_id" : 11
	},
	{
		"id" : 370,
		"player_id" : 382,
		"team_id" : 11
	},
	{
		"id" : 371,
		"player_id" : 383,
		"team_id" : 11
	},
	{
		"id" : 372,
		"player_id" : 384,
		"team_id" : 11
	},
	{
		"id" : 373,
		"player_id" : 385,
		"team_id" : 11
	},
	{
		"id" : 374,
		"player_id" : 386,
		"team_id" : 11
	},
	{
		"id" : 375,
		"player_id" : 387,
		"team_id" : 11
	},
	{
		"id" : 376,
		"player_id" : 388,
		"team_id" : 11
	},
	{
		"id" : 377,
		"player_id" : 389,
		"team_id" : 11
	},
	{
		"id" : 378,
		"player_id" : 390,
		"team_id" : 11
	},
	{
		"id" : 379,
		"player_id" : 391,
		"team_id" : 11
	},
	{
		"id" : 380,
		"player_id" : 392,
		"team_id" : 20
	},
	{
		"id" : 381,
		"player_id" : 393,
		"team_id" : 20
	},
	{
		"id" : 382,
		"player_id" : 394,
		"team_id" : 20
	},
	{
		"id" : 383,
		"player_id" : 395,
		"team_id" : 20
	},
	{
		"id" : 384,
		"player_id" : 396,
		"team_id" : 20
	},
	{
		"id" : 385,
		"player_id" : 397,
		"team_id" : 20
	},
	{
		"id" : 386,
		"player_id" : 398,
		"team_id" : 20
	},
	{
		"id" : 387,
		"player_id" : 399,
		"team_id" : 20
	},
	{
		"id" : 388,
		"player_id" : 400,
		"team_id" : 20
	},
	{
		"id" : 389,
		"player_id" : 401,
		"team_id" : 20
	},
	{
		"id" : 390,
		"player_id" : 402,
		"team_id" : 20
	},
	{
		"id" : 391,
		"player_id" : 403,
		"team_id" : 20
	},
	{
		"id" : 392,
		"player_id" : 404,
		"team_id" : 20
	},
	{
		"id" : 393,
		"player_id" : 405,
		"team_id" : 63
	},
	{
		"id" : 394,
		"player_id" : 406,
		"team_id" : 63
	},
	{
		"id" : 395,
		"player_id" : 407,
		"team_id" : 63
	},
	{
		"id" : 396,
		"player_id" : 408,
		"team_id" : 63
	},
	{
		"id" : 397,
		"player_id" : 409,
		"team_id" : 63
	},
	{
		"id" : 398,
		"player_id" : 410,
		"team_id" : 63
	},
	{
		"id" : 399,
		"player_id" : 411,
		"team_id" : 63
	},
	{
		"id" : 400,
		"player_id" : 412,
		"team_id" : 63
	},
	{
		"id" : 401,
		"player_id" : 413,
		"team_id" : 63
	},
	{
		"id" : 402,
		"player_id" : 414,
		"team_id" : 63
	},
	{
		"id" : 403,
		"player_id" : 415,
		"team_id" : 63
	},
	{
		"id" : 404,
		"player_id" : 416,
		"team_id" : 10
	},
	{
		"id" : 405,
		"player_id" : 417,
		"team_id" : 10
	},
	{
		"id" : 406,
		"player_id" : 418,
		"team_id" : 10
	},
	{
		"id" : 407,
		"player_id" : 419,
		"team_id" : 10
	},
	{
		"id" : 408,
		"player_id" : 420,
		"team_id" : 10
	},
	{
		"id" : 409,
		"player_id" : 421,
		"team_id" : 10
	},
	{
		"id" : 410,
		"player_id" : 422,
		"team_id" : 10
	},
	{
		"id" : 411,
		"player_id" : 423,
		"team_id" : 10
	},
	{
		"id" : 412,
		"player_id" : 424,
		"team_id" : 10
	},
	{
		"id" : 413,
		"player_id" : 425,
		"team_id" : 10
	},
	{
		"id" : 414,
		"player_id" : 426,
		"team_id" : 10
	},
	{
		"id" : 415,
		"player_id" : 427,
		"team_id" : 21
	},
	{
		"id" : 416,
		"player_id" : 428,
		"team_id" : 21
	},
	{
		"id" : 417,
		"player_id" : 429,
		"team_id" : 21
	},
	{
		"id" : 418,
		"player_id" : 430,
		"team_id" : 21
	},
	{
		"id" : 419,
		"player_id" : 431,
		"team_id" : 21
	},
	{
		"id" : 420,
		"player_id" : 432,
		"team_id" : 21
	},
	{
		"id" : 421,
		"player_id" : 433,
		"team_id" : 21
	},
	{
		"id" : 422,
		"player_id" : 434,
		"team_id" : 21
	},
	{
		"id" : 423,
		"player_id" : 435,
		"team_id" : 21
	},
	{
		"id" : 424,
		"player_id" : 436,
		"team_id" : 21
	},
	{
		"id" : 425,
		"player_id" : 437,
		"team_id" : 21
	},
	{
		"id" : 426,
		"player_id" : 438,
		"team_id" : 26
	},
	{
		"id" : 427,
		"player_id" : 439,
		"team_id" : 26
	},
	{
		"id" : 428,
		"player_id" : 440,
		"team_id" : 26
	},
	{
		"id" : 429,
		"player_id" : 441,
		"team_id" : 26
	},
	{
		"id" : 430,
		"player_id" : 442,
		"team_id" : 26
	},
	{
		"id" : 431,
		"player_id" : 443,
		"team_id" : 26
	},
	{
		"id" : 432,
		"player_id" : 444,
		"team_id" : 26
	},
	{
		"id" : 433,
		"player_id" : 445,
		"team_id" : 26
	},
	{
		"id" : 434,
		"player_id" : 446,
		"team_id" : 26
	},
	{
		"id" : 435,
		"player_id" : 447,
		"team_id" : 26
	},
	{
		"id" : 436,
		"player_id" : 448,
		"team_id" : 26
	},
	{
		"id" : 437,
		"player_id" : 449,
		"team_id" : 26
	},
	{
		"id" : 438,
		"player_id" : 450,
		"team_id" : 26
	},
	{
		"id" : 439,
		"player_id" : 463,
		"team_id" : 24
	},
	{
		"id" : 440,
		"player_id" : 464,
		"team_id" : 24
	},
	{
		"id" : 441,
		"player_id" : 465,
		"team_id" : 24
	},
	{
		"id" : 442,
		"player_id" : 466,
		"team_id" : 24
	},
	{
		"id" : 443,
		"player_id" : 467,
		"team_id" : 24
	},
	{
		"id" : 444,
		"player_id" : 468,
		"team_id" : 24
	},
	{
		"id" : 445,
		"player_id" : 469,
		"team_id" : 24
	},
	{
		"id" : 446,
		"player_id" : 470,
		"team_id" : 24
	},
	{
		"id" : 447,
		"player_id" : 471,
		"team_id" : 24
	},
	{
		"id" : 448,
		"player_id" : 472,
		"team_id" : 24
	},
	{
		"id" : 449,
		"player_id" : 473,
		"team_id" : 24
	},
	{
		"id" : 450,
		"player_id" : 474,
		"team_id" : 24
	},
	{
		"id" : 451,
		"player_id" : 475,
		"team_id" : 24
	},
	{
		"id" : 452,
		"player_id" : 499,
		"team_id" : 40
	},
	{
		"id" : 453,
		"player_id" : 500,
		"team_id" : 40
	},
	{
		"id" : 454,
		"player_id" : 501,
		"team_id" : 40
	},
	{
		"id" : 455,
		"player_id" : 502,
		"team_id" : 40
	},
	{
		"id" : 456,
		"player_id" : 503,
		"team_id" : 40
	},
	{
		"id" : 457,
		"player_id" : 504,
		"team_id" : 40
	},
	{
		"id" : 458,
		"player_id" : 505,
		"team_id" : 40
	},
	{
		"id" : 459,
		"player_id" : 506,
		"team_id" : 40
	},
	{
		"id" : 460,
		"player_id" : 507,
		"team_id" : 40
	},
	{
		"id" : 461,
		"player_id" : 508,
		"team_id" : 40
	},
	{
		"id" : 462,
		"player_id" : 509,
		"team_id" : 40
	},
	{
		"id" : 463,
		"player_id" : 510,
		"team_id" : 40
	},
	{
		"id" : 464,
		"player_id" : 511,
		"team_id" : 43
	},
	{
		"id" : 465,
		"player_id" : 512,
		"team_id" : 43
	},
	{
		"id" : 466,
		"player_id" : 513,
		"team_id" : 43
	},
	{
		"id" : 467,
		"player_id" : 514,
		"team_id" : 43
	},
	{
		"id" : 468,
		"player_id" : 515,
		"team_id" : 43
	},
	{
		"id" : 469,
		"player_id" : 517,
		"team_id" : 43
	},
	{
		"id" : 470,
		"player_id" : 518,
		"team_id" : 43
	},
	{
		"id" : 471,
		"player_id" : 519,
		"team_id" : 43
	},
	{
		"id" : 472,
		"player_id" : 520,
		"team_id" : 43
	},
	{
		"id" : 473,
		"player_id" : 521,
		"team_id" : 43
	},
	{
		"id" : 474,
		"player_id" : 522,
		"team_id" : 43
	},
	{
		"id" : 475,
		"player_id" : 523,
		"team_id" : 5
	},
	{
		"id" : 476,
		"player_id" : 524,
		"team_id" : 5
	},
	{
		"id" : 477,
		"player_id" : 525,
		"team_id" : 5
	},
	{
		"id" : 478,
		"player_id" : 526,
		"team_id" : 5
	},
	{
		"id" : 479,
		"player_id" : 527,
		"team_id" : 5
	},
	{
		"id" : 480,
		"player_id" : 528,
		"team_id" : 5
	},
	{
		"id" : 481,
		"player_id" : 529,
		"team_id" : 5
	},
	{
		"id" : 482,
		"player_id" : 530,
		"team_id" : 5
	},
	{
		"id" : 483,
		"player_id" : 531,
		"team_id" : 5
	},
	{
		"id" : 484,
		"player_id" : 532,
		"team_id" : 5
	},
	{
		"id" : 485,
		"player_id" : 533,
		"team_id" : 5
	},
	{
		"id" : 486,
		"player_id" : 534,
		"team_id" : 5
	},
	{
		"id" : 487,
		"player_id" : 535,
		"team_id" : 5
	},
	{
		"id" : 488,
		"player_id" : 536,
		"team_id" : 22
	},
	{
		"id" : 489,
		"player_id" : 537,
		"team_id" : 22
	},
	{
		"id" : 490,
		"player_id" : 538,
		"team_id" : 22
	},
	{
		"id" : 491,
		"player_id" : 539,
		"team_id" : 22
	},
	{
		"id" : 492,
		"player_id" : 540,
		"team_id" : 22
	},
	{
		"id" : 493,
		"player_id" : 541,
		"team_id" : 22
	},
	{
		"id" : 494,
		"player_id" : 542,
		"team_id" : 22
	},
	{
		"id" : 495,
		"player_id" : 543,
		"team_id" : 22
	},
	{
		"id" : 496,
		"player_id" : 544,
		"team_id" : 22
	},
	{
		"id" : 497,
		"player_id" : 545,
		"team_id" : 22
	},
	{
		"id" : 498,
		"player_id" : 546,
		"team_id" : 22
	},
	{
		"id" : 499,
		"player_id" : 547,
		"team_id" : 22
	},
	{
		"id" : 500,
		"player_id" : 548,
		"team_id" : 22
	},
	{
		"id" : 501,
		"player_id" : 549,
		"team_id" : 15
	},
	{
		"id" : 502,
		"player_id" : 550,
		"team_id" : 15
	},
	{
		"id" : 503,
		"player_id" : 551,
		"team_id" : 15
	},
	{
		"id" : 504,
		"player_id" : 552,
		"team_id" : 15
	},
	{
		"id" : 505,
		"player_id" : 553,
		"team_id" : 15
	},
	{
		"id" : 506,
		"player_id" : 554,
		"team_id" : 15
	},
	{
		"id" : 507,
		"player_id" : 555,
		"team_id" : 15
	},
	{
		"id" : 508,
		"player_id" : 556,
		"team_id" : 15
	},
	{
		"id" : 509,
		"player_id" : 557,
		"team_id" : 15
	},
	{
		"id" : 510,
		"player_id" : 558,
		"team_id" : 15
	},
	{
		"id" : 511,
		"player_id" : 559,
		"team_id" : 15
	},
	{
		"id" : 512,
		"player_id" : 560,
		"team_id" : 15
	},
	{
		"id" : 513,
		"player_id" : 561,
		"team_id" : 15
	},
	{
		"id" : 514,
		"player_id" : 562,
		"team_id" : 36
	},
	{
		"id" : 515,
		"player_id" : 563,
		"team_id" : 36
	},
	{
		"id" : 516,
		"player_id" : 564,
		"team_id" : 36
	},
	{
		"id" : 517,
		"player_id" : 565,
		"team_id" : 36
	},
	{
		"id" : 518,
		"player_id" : 566,
		"team_id" : 36
	},
	{
		"id" : 519,
		"player_id" : 567,
		"team_id" : 36
	},
	{
		"id" : 520,
		"player_id" : 568,
		"team_id" : 36
	},
	{
		"id" : 521,
		"player_id" : 569,
		"team_id" : 36
	},
	{
		"id" : 522,
		"player_id" : 570,
		"team_id" : 36
	},
	{
		"id" : 523,
		"player_id" : 571,
		"team_id" : 36
	},
	{
		"id" : 524,
		"player_id" : 572,
		"team_id" : 36
	},
	{
		"id" : 525,
		"player_id" : 573,
		"team_id" : 36
	},
	{
		"id" : 526,
		"player_id" : 574,
		"team_id" : 36
	},
	{
		"id" : 527,
		"player_id" : 575,
		"team_id" : 36
	},
	{
		"id" : 528,
		"player_id" : 576,
		"team_id" : 36
	},
	{
		"id" : 529,
		"player_id" : 577,
		"team_id" : 12
	},
	{
		"id" : 530,
		"player_id" : 578,
		"team_id" : 12
	},
	{
		"id" : 531,
		"player_id" : 579,
		"team_id" : 12
	},
	{
		"id" : 532,
		"player_id" : 580,
		"team_id" : 12
	},
	{
		"id" : 533,
		"player_id" : 581,
		"team_id" : 12
	},
	{
		"id" : 534,
		"player_id" : 582,
		"team_id" : 12
	},
	{
		"id" : 535,
		"player_id" : 583,
		"team_id" : 12
	},
	{
		"id" : 536,
		"player_id" : 584,
		"team_id" : 12
	},
	{
		"id" : 537,
		"player_id" : 585,
		"team_id" : 12
	},
	{
		"id" : 538,
		"player_id" : 586,
		"team_id" : 12
	},
	{
		"id" : 539,
		"player_id" : 587,
		"team_id" : 12
	},
	{
		"id" : 540,
		"player_id" : 588,
		"team_id" : 12
	},
	{
		"id" : 541,
		"player_id" : 589,
		"team_id" : 12
	},
	{
		"id" : 542,
		"player_id" : 590,
		"team_id" : 12
	},
	{
		"id" : 543,
		"player_id" : 591,
		"team_id" : 12
	},
	{
		"id" : 544,
		"player_id" : 592,
		"team_id" : 12
	},
	{
		"id" : 545,
		"player_id" : 593,
		"team_id" : 29
	},
	{
		"id" : 546,
		"player_id" : 594,
		"team_id" : 29
	},
	{
		"id" : 547,
		"player_id" : 595,
		"team_id" : 29
	},
	{
		"id" : 548,
		"player_id" : 596,
		"team_id" : 29
	},
	{
		"id" : 549,
		"player_id" : 597,
		"team_id" : 29
	},
	{
		"id" : 550,
		"player_id" : 598,
		"team_id" : 29
	},
	{
		"id" : 551,
		"player_id" : 599,
		"team_id" : 29
	},
	{
		"id" : 552,
		"player_id" : 600,
		"team_id" : 29
	},
	{
		"id" : 553,
		"player_id" : 601,
		"team_id" : 29
	},
	{
		"id" : 554,
		"player_id" : 602,
		"team_id" : 29
	},
	{
		"id" : 555,
		"player_id" : 603,
		"team_id" : 29
	},
	{
		"id" : 556,
		"player_id" : 604,
		"team_id" : 29
	},
	{
		"id" : 557,
		"player_id" : 605,
		"team_id" : 29
	},
	{
		"id" : 558,
		"player_id" : 606,
		"team_id" : 29
	},
	{
		"id" : 559,
		"player_id" : 607,
		"team_id" : 29
	},
	{
		"id" : 560,
		"player_id" : 608,
		"team_id" : 29
	},
	{
		"id" : 561,
		"player_id" : 609,
		"team_id" : 29
	},
	{
		"id" : 562,
		"player_id" : 610,
		"team_id" : 29
	},
	{
		"id" : 563,
		"player_id" : 611,
		"team_id" : 29
	},
	{
		"id" : 564,
		"player_id" : 612,
		"team_id" : 29
	},
	{
		"id" : 565,
		"player_id" : 613,
		"team_id" : 29
	},
	{
		"id" : 566,
		"player_id" : 614,
		"team_id" : 29
	},
	{
		"id" : 567,
		"player_id" : 615,
		"team_id" : 29
	},
	{
		"id" : 568,
		"player_id" : 628,
		"team_id" : 65
	},
	{
		"id" : 569,
		"player_id" : 629,
		"team_id" : 9
	},
	{
		"id" : 570,
		"player_id" : 630,
		"team_id" : 9
	},
	{
		"id" : 571,
		"player_id" : 631,
		"team_id" : 9
	},
	{
		"id" : 572,
		"player_id" : 632,
		"team_id" : 9
	},
	{
		"id" : 573,
		"player_id" : 633,
		"team_id" : 9
	},
	{
		"id" : 574,
		"player_id" : 634,
		"team_id" : 9
	},
	{
		"id" : 575,
		"player_id" : 635,
		"team_id" : 9
	},
	{
		"id" : 576,
		"player_id" : 636,
		"team_id" : 9
	},
	{
		"id" : 577,
		"player_id" : 637,
		"team_id" : 9
	},
	{
		"id" : 578,
		"player_id" : 638,
		"team_id" : 9
	},
	{
		"id" : 579,
		"player_id" : 639,
		"team_id" : 9
	},
	{
		"id" : 580,
		"player_id" : 640,
		"team_id" : 9
	},
	{
		"id" : 581,
		"player_id" : 641,
		"team_id" : 7
	},
	{
		"id" : 582,
		"player_id" : 642,
		"team_id" : 7
	},
	{
		"id" : 583,
		"player_id" : 643,
		"team_id" : 7
	},
	{
		"id" : 584,
		"player_id" : 644,
		"team_id" : 7
	},
	{
		"id" : 585,
		"player_id" : 645,
		"team_id" : 7
	},
	{
		"id" : 586,
		"player_id" : 646,
		"team_id" : 7
	},
	{
		"id" : 587,
		"player_id" : 647,
		"team_id" : 7
	},
	{
		"id" : 588,
		"player_id" : 648,
		"team_id" : 7
	},
	{
		"id" : 589,
		"player_id" : 649,
		"team_id" : 7
	},
	{
		"id" : 590,
		"player_id" : 650,
		"team_id" : 7
	},
	{
		"id" : 591,
		"player_id" : 651,
		"team_id" : 7
	},
	{
		"id" : 592,
		"player_id" : 652,
		"team_id" : 7
	},
	{
		"id" : 593,
		"player_id" : 653,
		"team_id" : 23
	},
	{
		"id" : 594,
		"player_id" : 654,
		"team_id" : 23
	},
	{
		"id" : 595,
		"player_id" : 655,
		"team_id" : 23
	},
	{
		"id" : 596,
		"player_id" : 656,
		"team_id" : 23
	},
	{
		"id" : 597,
		"player_id" : 657,
		"team_id" : 23
	},
	{
		"id" : 598,
		"player_id" : 658,
		"team_id" : 23
	},
	{
		"id" : 599,
		"player_id" : 659,
		"team_id" : 23
	},
	{
		"id" : 600,
		"player_id" : 660,
		"team_id" : 23
	},
	{
		"id" : 601,
		"player_id" : 661,
		"team_id" : 23
	},
	{
		"id" : 602,
		"player_id" : 662,
		"team_id" : 23
	},
	{
		"id" : 603,
		"player_id" : 663,
		"team_id" : 23
	},
	{
		"id" : 604,
		"player_id" : 664,
		"team_id" : 23
	},
	{
		"id" : 605,
		"player_id" : 665,
		"team_id" : 23
	},
	{
		"id" : 606,
		"player_id" : 666,
		"team_id" : 45
	},
	{
		"id" : 607,
		"player_id" : 667,
		"team_id" : 45
	},
	{
		"id" : 608,
		"player_id" : 668,
		"team_id" : 45
	},
	{
		"id" : 609,
		"player_id" : 669,
		"team_id" : 45
	},
	{
		"id" : 610,
		"player_id" : 670,
		"team_id" : 45
	},
	{
		"id" : 611,
		"player_id" : 671,
		"team_id" : 45
	},
	{
		"id" : 612,
		"player_id" : 672,
		"team_id" : 45
	},
	{
		"id" : 613,
		"player_id" : 673,
		"team_id" : 45
	},
	{
		"id" : 614,
		"player_id" : 674,
		"team_id" : 45
	},
	{
		"id" : 615,
		"player_id" : 675,
		"team_id" : 45
	},
	{
		"id" : 616,
		"player_id" : 676,
		"team_id" : 45
	},
	{
		"id" : 617,
		"player_id" : 677,
		"team_id" : 45
	},
	{
		"id" : 618,
		"player_id" : 678,
		"team_id" : 35
	},
	{
		"id" : 619,
		"player_id" : 680,
		"team_id" : 35
	},
	{
		"id" : 620,
		"player_id" : 681,
		"team_id" : 35
	},
	{
		"id" : 621,
		"player_id" : 683,
		"team_id" : 35
	},
	{
		"id" : 622,
		"player_id" : 684,
		"team_id" : 35
	},
	{
		"id" : 623,
		"player_id" : 685,
		"team_id" : 35
	},
	{
		"id" : 624,
		"player_id" : 686,
		"team_id" : 35
	},
	{
		"id" : 625,
		"player_id" : 687,
		"team_id" : 35
	},
	{
		"id" : 626,
		"player_id" : 688,
		"team_id" : 35
	},
	{
		"id" : 627,
		"player_id" : 689,
		"team_id" : 2
	},
	{
		"id" : 628,
		"player_id" : 690,
		"team_id" : 2
	},
	{
		"id" : 629,
		"player_id" : 691,
		"team_id" : 2
	},
	{
		"id" : 630,
		"player_id" : 692,
		"team_id" : 2
	},
	{
		"id" : 631,
		"player_id" : 693,
		"team_id" : 2
	},
	{
		"id" : 632,
		"player_id" : 694,
		"team_id" : 2
	},
	{
		"id" : 633,
		"player_id" : 695,
		"team_id" : 2
	},
	{
		"id" : 634,
		"player_id" : 696,
		"team_id" : 2
	},
	{
		"id" : 635,
		"player_id" : 697,
		"team_id" : 2
	},
	{
		"id" : 636,
		"player_id" : 698,
		"team_id" : 2
	},
	{
		"id" : 637,
		"player_id" : 699,
		"team_id" : 2
	},
	{
		"id" : 638,
		"player_id" : 700,
		"team_id" : 2
	},
	{
		"id" : 639,
		"player_id" : 701,
		"team_id" : 33
	},
	{
		"id" : 640,
		"player_id" : 702,
		"team_id" : 33
	},
	{
		"id" : 641,
		"player_id" : 703,
		"team_id" : 33
	},
	{
		"id" : 642,
		"player_id" : 704,
		"team_id" : 33
	},
	{
		"id" : 643,
		"player_id" : 705,
		"team_id" : 33
	},
	{
		"id" : 644,
		"player_id" : 706,
		"team_id" : 33
	},
	{
		"id" : 645,
		"player_id" : 707,
		"team_id" : 33
	},
	{
		"id" : 646,
		"player_id" : 708,
		"team_id" : 33
	},
	{
		"id" : 647,
		"player_id" : 709,
		"team_id" : 33
	},
	{
		"id" : 648,
		"player_id" : 710,
		"team_id" : 33
	},
	{
		"id" : 649,
		"player_id" : 711,
		"team_id" : 33
	},
	{
		"id" : 650,
		"player_id" : 712,
		"team_id" : 33
	},
	{
		"id" : 651,
		"player_id" : 713,
		"team_id" : 45
	},
	{
		"id" : 652,
		"player_id" : 714,
		"team_id" : 45
	},
	{
		"id" : 653,
		"player_id" : 715,
		"team_id" : 45
	},
	{
		"id" : 654,
		"player_id" : 716,
		"team_id" : 45
	},
	{
		"id" : 655,
		"player_id" : 717,
		"team_id" : 45
	},
	{
		"id" : 656,
		"player_id" : 718,
		"team_id" : 45
	},
	{
		"id" : 657,
		"player_id" : 719,
		"team_id" : 45
	},
	{
		"id" : 658,
		"player_id" : 720,
		"team_id" : 45
	},
	{
		"id" : 659,
		"player_id" : 721,
		"team_id" : 45
	},
	{
		"id" : 660,
		"player_id" : 722,
		"team_id" : 45
	},
	{
		"id" : 661,
		"player_id" : 723,
		"team_id" : 45
	},
	{
		"id" : 662,
		"player_id" : 724,
		"team_id" : 45
	},
	{
		"id" : 663,
		"player_id" : 725,
		"team_id" : 45
	},
	{
		"id" : 664,
		"player_id" : 726,
		"team_id" : 32
	},
	{
		"id" : 665,
		"player_id" : 727,
		"team_id" : 32
	},
	{
		"id" : 666,
		"player_id" : 728,
		"team_id" : 32
	},
	{
		"id" : 667,
		"player_id" : 729,
		"team_id" : 32
	},
	{
		"id" : 668,
		"player_id" : 730,
		"team_id" : 32
	},
	{
		"id" : 669,
		"player_id" : 731,
		"team_id" : 32
	},
	{
		"id" : 670,
		"player_id" : 732,
		"team_id" : 32
	},
	{
		"id" : 671,
		"player_id" : 733,
		"team_id" : 32
	},
	{
		"id" : 672,
		"player_id" : 734,
		"team_id" : 32
	},
	{
		"id" : 673,
		"player_id" : 735,
		"team_id" : 32
	},
	{
		"id" : 674,
		"player_id" : 736,
		"team_id" : 32
	},
	{
		"id" : 675,
		"player_id" : 737,
		"team_id" : 32
	},
	{
		"id" : 676,
		"player_id" : 738,
		"team_id" : 6
	},
	{
		"id" : 677,
		"player_id" : 739,
		"team_id" : 6
	},
	{
		"id" : 678,
		"player_id" : 740,
		"team_id" : 6
	},
	{
		"id" : 679,
		"player_id" : 741,
		"team_id" : 6
	},
	{
		"id" : 680,
		"player_id" : 742,
		"team_id" : 6
	},
	{
		"id" : 681,
		"player_id" : 743,
		"team_id" : 6
	},
	{
		"id" : 682,
		"player_id" : 744,
		"team_id" : 6
	},
	{
		"id" : 683,
		"player_id" : 745,
		"team_id" : 6
	},
	{
		"id" : 684,
		"player_id" : 746,
		"team_id" : 6
	},
	{
		"id" : 685,
		"player_id" : 747,
		"team_id" : 6
	},
	{
		"id" : 686,
		"player_id" : 748,
		"team_id" : 6
	},
	{
		"id" : 687,
		"player_id" : 749,
		"team_id" : 6
	},
	{
		"id" : 688,
		"player_id" : 750,
		"team_id" : 6
	},
	{
		"id" : 689,
		"player_id" : 751,
		"team_id" : 27
	},
	{
		"id" : 690,
		"player_id" : 752,
		"team_id" : 27
	},
	{
		"id" : 691,
		"player_id" : 753,
		"team_id" : 27
	},
	{
		"id" : 692,
		"player_id" : 754,
		"team_id" : 27
	},
	{
		"id" : 693,
		"player_id" : 755,
		"team_id" : 27
	},
	{
		"id" : 694,
		"player_id" : 756,
		"team_id" : 27
	},
	{
		"id" : 695,
		"player_id" : 757,
		"team_id" : 27
	},
	{
		"id" : 696,
		"player_id" : 758,
		"team_id" : 27
	},
	{
		"id" : 697,
		"player_id" : 759,
		"team_id" : 27
	},
	{
		"id" : 698,
		"player_id" : 760,
		"team_id" : 27
	},
	{
		"id" : 699,
		"player_id" : 761,
		"team_id" : 27
	},
	{
		"id" : 700,
		"player_id" : 762,
		"team_id" : 38
	},
	{
		"id" : 701,
		"player_id" : 763,
		"team_id" : 38
	},
	{
		"id" : 702,
		"player_id" : 765,
		"team_id" : 38
	},
	{
		"id" : 703,
		"player_id" : 766,
		"team_id" : 38
	},
	{
		"id" : 704,
		"player_id" : 767,
		"team_id" : 38
	},
	{
		"id" : 705,
		"player_id" : 768,
		"team_id" : 38
	},
	{
		"id" : 706,
		"player_id" : 769,
		"team_id" : 38
	},
	{
		"id" : 707,
		"player_id" : 770,
		"team_id" : 38
	},
	{
		"id" : 708,
		"player_id" : 771,
		"team_id" : 38
	},
	{
		"id" : 709,
		"player_id" : 772,
		"team_id" : 38
	},
	{
		"id" : 710,
		"player_id" : 773,
		"team_id" : 38
	},
	{
		"id" : 711,
		"player_id" : 774,
		"team_id" : 3
	},
	{
		"id" : 712,
		"player_id" : 775,
		"team_id" : 3
	},
	{
		"id" : 713,
		"player_id" : 776,
		"team_id" : 3
	},
	{
		"id" : 714,
		"player_id" : 777,
		"team_id" : 3
	},
	{
		"id" : 715,
		"player_id" : 778,
		"team_id" : 3
	},
	{
		"id" : 716,
		"player_id" : 779,
		"team_id" : 3
	},
	{
		"id" : 717,
		"player_id" : 780,
		"team_id" : 3
	},
	{
		"id" : 718,
		"player_id" : 781,
		"team_id" : 3
	},
	{
		"id" : 719,
		"player_id" : 782,
		"team_id" : 3
	},
	{
		"id" : 720,
		"player_id" : 783,
		"team_id" : 3
	},
	{
		"id" : 721,
		"player_id" : 784,
		"team_id" : 3
	},
	{
		"id" : 722,
		"player_id" : 785,
		"team_id" : 3
	},
	{
		"id" : 723,
		"player_id" : 786,
		"team_id" : 39
	},
	{
		"id" : 724,
		"player_id" : 787,
		"team_id" : 39
	},
	{
		"id" : 725,
		"player_id" : 788,
		"team_id" : 39
	},
	{
		"id" : 726,
		"player_id" : 789,
		"team_id" : 39
	},
	{
		"id" : 727,
		"player_id" : 793,
		"team_id" : 39
	},
	{
		"id" : 728,
		"player_id" : 794,
		"team_id" : 39
	},
	{
		"id" : 729,
		"player_id" : 796,
		"team_id" : 39
	},
	{
		"id" : 730,
		"player_id" : 797,
		"team_id" : 39
	},
	{
		"id" : 731,
		"player_id" : 798,
		"team_id" : 39
	},
	{
		"id" : 732,
		"player_id" : 799,
		"team_id" : 39
	},
	{
		"id" : 733,
		"player_id" : 800,
		"team_id" : 34
	},
	{
		"id" : 734,
		"player_id" : 801,
		"team_id" : 34
	},
	{
		"id" : 735,
		"player_id" : 802,
		"team_id" : 34
	},
	{
		"id" : 736,
		"player_id" : 803,
		"team_id" : 34
	},
	{
		"id" : 737,
		"player_id" : 804,
		"team_id" : 34
	},
	{
		"id" : 738,
		"player_id" : 805,
		"team_id" : 34
	},
	{
		"id" : 739,
		"player_id" : 806,
		"team_id" : 34
	},
	{
		"id" : 740,
		"player_id" : 807,
		"team_id" : 34
	},
	{
		"id" : 741,
		"player_id" : 808,
		"team_id" : 34
	},
	{
		"id" : 742,
		"player_id" : 809,
		"team_id" : 34
	},
	{
		"id" : 743,
		"player_id" : 810,
		"team_id" : 34
	},
	{
		"id" : 744,
		"player_id" : 811,
		"team_id" : 34
	},
	{
		"id" : 745,
		"player_id" : 812,
		"team_id" : 34
	},
	{
		"id" : 746,
		"player_id" : 813,
		"team_id" : 34
	},
	{
		"id" : 747,
		"player_id" : 814,
		"team_id" : 34
	},
	{
		"id" : 748,
		"player_id" : 815,
		"team_id" : 19
	},
	{
		"id" : 749,
		"player_id" : 816,
		"team_id" : 19
	},
	{
		"id" : 750,
		"player_id" : 817,
		"team_id" : 19
	},
	{
		"id" : 751,
		"player_id" : 818,
		"team_id" : 19
	},
	{
		"id" : 752,
		"player_id" : 819,
		"team_id" : 19
	},
	{
		"id" : 753,
		"player_id" : 820,
		"team_id" : 19
	},
	{
		"id" : 754,
		"player_id" : 821,
		"team_id" : 19
	},
	{
		"id" : 755,
		"player_id" : 822,
		"team_id" : 19
	},
	{
		"id" : 756,
		"player_id" : 823,
		"team_id" : 19
	},
	{
		"id" : 757,
		"player_id" : 824,
		"team_id" : 19
	},
	{
		"id" : 758,
		"player_id" : 825,
		"team_id" : 19
	},
	{
		"id" : 759,
		"player_id" : 826,
		"team_id" : 19
	},
	{
		"id" : 760,
		"player_id" : 827,
		"team_id" : 19
	},
	{
		"id" : 761,
		"player_id" : 828,
		"team_id" : 41
	},
	{
		"id" : 762,
		"player_id" : 829,
		"team_id" : 41
	},
	{
		"id" : 763,
		"player_id" : 830,
		"team_id" : 41
	},
	{
		"id" : 764,
		"player_id" : 831,
		"team_id" : 41
	},
	{
		"id" : 765,
		"player_id" : 832,
		"team_id" : 41
	},
	{
		"id" : 766,
		"player_id" : 833,
		"team_id" : 41
	},
	{
		"id" : 767,
		"player_id" : 834,
		"team_id" : 41
	},
	{
		"id" : 768,
		"player_id" : 835,
		"team_id" : 41
	},
	{
		"id" : 769,
		"player_id" : 836,
		"team_id" : 41
	},
	{
		"id" : 770,
		"player_id" : 837,
		"team_id" : 41
	},
	{
		"id" : 771,
		"player_id" : 838,
		"team_id" : 41
	},
	{
		"id" : 772,
		"player_id" : 839,
		"team_id" : 41
	},
	{
		"id" : 773,
		"player_id" : 840,
		"team_id" : 41
	},
	{
		"id" : 774,
		"player_id" : 841,
		"team_id" : 41
	},
	{
		"id" : 775,
		"player_id" : 842,
		"team_id" : 41
	}
]
