[
	{
		"id" : 1,
		"name" : "Нарушение слуха"
	},
	{
		"id" : 2,
		"name" : "Нарушение зрения"
	},
	{
		"id" : 3,
		"name" : "Нарушением опорно-двигательного аппарата"
	},
	{
		"id" : 4,
		"name" : "Задержкой психического развития"
	},
	{
		"id" : 5,
		"name" : "Тяжелыми нарушениями речи (ТНР)"
	},
	{
		"id" : 6,
		"name" : "Расстройства аттического спектра (РАС)"
	},
	{
		"id" : 7,
		"name" : "Интеллектуальные нарушения"
	},
	{
		"id" : 8,
		"name" : "Ни одна из выше перечисленны"
	}
]
