[
	{
		"id" : 1,
		"name" : "Альметьевск"
	},
	{
		"id" : 2,
		"name" : "Балаково"
	},
	{
		"id" : 3,
		"name" : "Бор"
	},
	{
		"id" : 4,
		"name" : "Екатеринбург"
	},
	{
		"id" : 5,
		"name" : "Ижевск"
	},
	{
		"id" : 6,
		"name" : "Казань"
	},
	{
		"id" : 7,
		"name" : "Киров"
	},
	{
		"id" : 8,
		"name" : "Краснодар"
	},
	{
		"id" : 9,
		"name" : "Краснослободск"
	},
	{
		"id" : 10,
		"name" : "Красноярск"
	},
	{
		"id" : 11,
		"name" : "Кудрово"
	},
	{
		"id" : 12,
		"name" : "Кузнецк"
	},
	{
		"id" : 13,
		"name" : "Липецк"
	},
	{
		"id" : 14,
		"name" : "Луганск"
	},
	{
		"id" : 15,
		"name" : "Магнитогорск"
	},
	{
		"id" : 16,
		"name" : "Москва"
	},
	{
		"id" : 17,
		"name" : "Нижний Новгород"
	},
	{
		"id" : 18,
		"name" : "Новосибирск"
	},
	{
		"id" : 19,
		"name" : "Омск"
	},
	{
		"id" : 20,
		"name" : "Оренбург"
	},
	{
		"id" : 21,
		"name" : "Пенза"
	},
	{
		"id" : 22,
		"name" : "Пермь"
	},
	{
		"id" : 23,
		"name" : "Самара"
	},
	{
		"id" : 24,
		"name" : "Санкт-Петербург"
	},
	{
		"id" : 25,
		"name" : "Саранск"
	},
	{
		"id" : 26,
		"name" : "Саратов"
	},
	{
		"id" : 27,
		"name" : "Сахалин"
	},
	{
		"id" : 28,
		"name" : "Сочи"
	},
	{
		"id" : 29,
		"name" : "Тамбов"
	},
	{
		"id" : 30,
		"name" : "Тула"
	},
	{
		"id" : 31,
		"name" : "Ульяновск"
	},
	{
		"id" : 32,
		"name" : "Ханты-Мансийск"
	},
	{
		"id" : 33,
		"name" : "Чебоксары"
	},
	{
		"id" : 34,
		"name" : "Чехов"
	},
	{
		"id" : 35,
		"name" : "Щербинка"
	},
	{
		"id" : 36,
		"name" : "Югра"
	},
	{
		"id" : 37,
		"name" : "Ярославль"
	},
	{
		"id" : 38,
		"name" : "Хабаровск"
	}
]
