"id","name","city_id","discipline_name_id","staff_team_member_id","curator_id"
17,Крылья Мечты Старший состав,21,2,,
62,Хоккей Для Детей,24,1,24,
8,Медведи,7,2,36,
13,Ладья,19,2,38,
37,Реванш,35,2,41,
14,СКА-Стрела,24,2,42,
1,Ракета,23,2,45,
31,Форсаж,2,2,46,
42,Сборная Новосибирской области,18,2,51,
46,Молния Прикамья,22,3,54,
11,Волчата,29,2,58,
20,Ястребы,20,2,60,
63,Метеор,33,1,62,
10,Удмуртия,5,2,66,
21,Атал,33,2,69,
26,Нефтяник,1,2,72,
24,Ак Барс,6,2,76,
40,Огни Магнитки,15,2,82,
43,Медведь,3,2,83,
5,Энергия Жизни Сочи,28,2,85,
9,Крылья Советов,16,2,112,
45,Уралец,4,2,119,
6,Энергия Жизни Краснодар,8,2,132,
27,Татсиб,6,2,133,
38,Торпедо,17,2,134,
39,Чайка,17,2,139,
49,Ижсталь,5,3,1,
64,Амур,38,3,2,
50,Симба,31,3,8,
47,Юман,33,3,9,
60,Йети,16,1,12,
59,Стрелка,17,1,14,
53,Снежные Барсы,13,1,18,
56,Пегас,21,1,19,
55,Дети-Икс,26,1,21,
54,Energy,28,1,30,
52,Pride,16,1,32,
57,Ак Барс Спец,6,1,,
16,Крылья Мечты Младший состав,21,2,,
12,Авангард,19,2,,
61,Хоккей Для Детей (юниор),24,1,,
4,Молния Прикамья следж,22,2,,
28,Метеор следж,12,2,,
58,Реванш Спец,35,1,,
30,Сияжар (Саранск),25,2,,
51,Снеговики,18,3,,
18,Тропик,30,2,,
44,Уралец 2,4,2,,
48,Фортуна,16,3,,
25,Барс,6,2,34,
22,Торнадо,4,2,92,
15,Динамо-Москва,16,2,94,
36,Красная Ракета,11,2,96,
29,Сияжар,9,2,102,
65,Следж,28,2,105,
7,Volga,26,2,113,
23,Чехов,34,2,118,
35,Луганск,14,2,122,
2,Сахалинские Львята,27,2,126,
33,Мамонтята Югры,32,2,128,
32,Югра,36,2,130,
3,Локо,37,2,137,
34,Красная Молния,10,2,141,
19,Уральские Волки,4,2,143,
41,Спартак,16,2,150,
