"id","surname","name","patronymic","phone"
1,Алексеев,Артем,Олегович,""
2,Чепуштанов,Даниил,Дмитриевич,""
3,Говор,Нина,Сергеевна,""
4,Абдуллин,Ринат,Галимуллович,""
5,Токарева,Екатерина,Ивановна,""
6,Щинов,Павел,Леонидович,""
7,Давыденко,Евгений,Отчество отсутствует,""
8,Цветков,Ярослав,Отчество отсутствует,""
9,Петров,Владимир,Варфоломеевич,""
10,Степанова,Марина,Владимировна,""
11,Ворожейкина,Анастасия,Фардиновна,""
12,Почекунина,Олеся,Иванович,""
13,Герасимов,Евгений,Александрович,""
14,Лебедева,Ирина,Олеговна,""
15,Карпов,Андрей,Вадимович,""
16,Пересыпкина,Елена,Алексеевна,""
17,Шуляк,Руслан,Анатольевич,""
18,Пирогов,Сергей,Владимирович,""
19,Роговская,Светлана,Александровна,""
20,Мастрюкова,Ксения,Андреевна,""
21,Широких,Игорь,Борисович,""
22,Баштецкая,Наталья,Алексеевна,""
23,Васильева,Наталья,Александровна,""
25,Басов,Денис,Отчество отсутствует,""
27,Резчикова,Александра,Борисовна,""
28,Заруба,Антон,Олегович,""
29,Косенков,Иван,Васильевич,""
30,Зебелян,Леонид,Гарикович,""
31,Григоров,Николай,Геннадьевич,""
32,Шилоносова,Елена,Викторовна,""
33,Мальцев,Иван,Валерьевич,""
35,Белова,Оксана,Александровна,""
36,Лавриненко,Мария,Михайловна,""
37,Садриев,Тимур,Басирович,""
38,Садриева,Ангелина,Геннадьевна,""
39,Малков,Игорь,Михайлович,""
40,Скрябин,Яков,Викторович,""
41,Резниченко,Иван,Сергеевич,""
42,Захаров,Сергей,Васильевич,""
43,Захарова,Наталья,Леонидовна,""
48,Орлова,Наталья,Николаевна,""
49,Иванов,Андрей,Васильевич,""
50,Акимова,Ирина,Валентиновна,""
51,Москалев,Виктор,Леонидович,""
52,Кизоркин,Сергей,Александрович,""
53,Денисов,Владимир,Дмитриевич,""
54,Леонтьева,Марина,Александровна,""
55,Арсентьева,Лариса,Дмитриевна,""
56,Бунтукова,Мария,Владимировна,""
57,Богонникова,Лилия,Владимировна,""
58,Евдокимов,Дмитрий,Евгеньевич,""
59,Ширяев,Александр,Отчество отсутствует,""
60,Чистякова,Татьяна,Отчество отсутствует,""
61,Кусакин,Максим,Отчество отсутствует,""
63,Крючков,Никита,Михайлович,""
64,Осетрова,Оксана,Григорьевна,""
65,Шаталов,Виталий,Дмитриевич,""
66,Сауткина,Екатерина,Сергеевна,""
67,Шпакова,Наталья,Валерьевна,""
68,Чекмарев,Михаил,Юрьевич,""
69,Чекмарева,Наталья,Юрьевна,""
70,Козин,Данил,Игоревич,""
71,Шибанова,Марина,Сергеевна,""
72,Антонова,Юлия,Антонова,""
73,Кузнецова,Наталья,Игнатьевна,""
74,Широбоков,Юрий,Иванович,""
75,Нужная,Вероника,Вячеславовна,""
76,Чурбанова,Мила,Павловна,""
77,Саяпина,Анастасия,Эдуардовна,""
78,Степанов,Сергей,Юрьевич,""
79,Мохов,Богдан,Витальевич,""
80,Мохов,Виталий,Иванович,""
81,Мохова,Диляра,Фанисовна,""
82,Нуждина,Ксения,Юрьевна,""
83,Калинин,Артем,Михайлович,""
84,Калимуллин,Тимур,Ильдарович,""
85,Денисов,Александр,Сергеевич,""
86,Горбачев,Андрей,Александрович,""
87,Пышьев,Александр,Александрович,""
89,Гагарин,Дмитрий,Отчество отсутствует,""
91,Тихонов,Дмитрий,Александрович,""
92,Чухонцев,Николай,Викторович,""
93,Егоров,Роман,Павлович,""
95,Баталов,Андрей,Отчество отсутствует,""
96,Ефимов,Дмитрий,Отчество отсутствует,""
97,Ковалкин,Алексей,Отчество отсутствует,""
98,Головко,Оксана,Викторович,""
99,Кузнецова,Юлия,Борисовна,""
100,Соловьева,Ольга,Евгеньевич,""
101,Болдырев,Александр,Олеговна,""
102,Болдырева,Жанна,Викторовна,""
103,Цыбульский,Александр,Анатольевна,""
104,Силкин,Николай,Сергеевич,""
105,Лобанов,Константин,Юрьевич,""
106,Постнова,Елена,Валерьевна,""
107,Гераскин,Евгений,Юрьевич,""
110,Дзекун,Андрей,Николаевич,""
111,Паршин,Анатолий,Юрьевич,""
112,Васильева,Екатерина,Андреевна,""
113,Петряков,Денис,Александрович,""
114,Тарасова,Ирина,Александровна,""
115,Интяков,Сергей,Сергеевич,""
116,Шмонина,Наталья,Геннадьевна,""
117,Баталов,Андрей,Викторович,""
118,Ефимов,Дмитрий,Владимирович,""
119,Ковалкин,Алексей,Викторович,""
120,Головко,Оксана,Васильевна,""
121,Кузнецова,Юлия,Алексеевна,""
122,Соловьева,Ольга,Яковлевна,""
123,Лаутеншлегер,Наталья,Петровна,""
124,Бабин,Константин,Георгиевна,""
125,Доронин,Антон,Геннадьевич,""
126,Баймлер,Артем,Александрович,""
127,Исматова,Анна,Алексеевна,""
128,Алешина,Татьяна,Владимировна,""
129,Тернавский,Владимир,Ивановна,""
130,Тернавская,Светлана,Андреевич,""
131,Голованов,Евгений,Михайлович,""
132,Теплоухов,Дмитрий,Отчество отсутствует,""
133,Трофимова,Елена,Сергеевич,""
134,Воробей,Максим,Ивановна,""
135,Роснис,Артурс,Отчество отсутствует,""
136,Митин,Игнат,Алексеевич,""
137,Ермаков,Иван,Андреевич,""
138,Вахрушев,Максим,Николаевич,""
139,Лысов,Алексей,Дмитриевич,""
140,Антонов,Александр,Анатольевич,""
141,Олифиренко,Николай,Александрович,""
142,Попов,Михаил,Александрович,""
143,Литвинов,Евгений,Александрович,""
144,Сбитнев,Юрий,Александрович,""
145,Капанадзе,Николай,Николаевич,""
146,Панфилов,Сергей,Александрович,""
147,Карпов,Даниил,Алексеевич,""
148,Черкасов,Юрий,Константинович,""
149,Владимирский,Александр,Владимирович,""
150,Малков,Денис,Александрович,""
151,Владимирская,Ирина,Владимировна,""
152,Романов,Артём,Иванович,""
153,Сердцев,Илья,Евгеньевич,""
154,Сауткина,Екатерина,Отчество отсутствует,""
155,Шпакова,Наталья,Отчество отсутствует,""
156,Колчина,Елена,Александровна,""
157,Ковальчик,Владлена,Владимировна,""
158,Родионова,Полина,Отчество отсутствует,""
159,Пугачева,Марина,Игоревна,""
160,Марченко,Мария,Александровна,""
161,Глебов,Александр,Викторович,""
162,Овчинников,Дмитрий,Николаевич,""
163,Смирнов,Александр,Сергеевич,""
