"id","name"
1,Альметьевск
2,Балаково
3,Бор
4,Екатеринбург
5,Ижевск
6,Казань
7,Киров
8,Краснодар
9,Краснослободск
10,Красноярск
11,Кудрово
12,Кузнецк
13,Липецк
14,Луганск
15,Магнитогорск
16,Москва
17,Нижний Новгород
18,Новосибирск
19,Омск
20,Оренбург
21,Пенза
22,Пермь
23,Самара
24,Санкт-Петербург
25,Саранск
26,Саратов
27,Сахалин
28,Сочи
29,Тамбов
30,Тула
31,Ульяновск
32,Ханты-Мансийск
33,Чебоксары
34,Чехов
35,Щербинка
36,Югра
37,Ярославль
38,Хабаровск
