"id","staff_position","qualification","notes","staff_member_id"
1,тренер,"","1990-06-21",1
2,тренер,"","1997-08-22",2
3,координатор,"","1990-09-29",3
4,"главный тренер  хк ""молния прикамья""","","1975-07-23",4
5,"координатор команды  хк ""молния прикамья""","","1988-03-18",5
6,"тренер хк ""молния прикамья""","","1973-10-26",6
7,главный тренер,"","1900-01-01",7
8,помощник тренера,"","1900-01-01",8
9,тренер,"","1955-12-27",9
10,координатор сопровождающийстепанова кирилла сергеевича,"","1986-02-23",10
11,координатор копелиович савелий михайлович,"","1969-08-31",11
12,тренер,"","1956-01-21",12
13,тренер,"","1988-07-24",13
14,тренер,"","2009-01-19",14
15,координатор,"","2006-09-30",15
16,координатор сопровождает аломского ярослава александровича,"","1972-07-15",16
17,тренер команды,"","1978-10-31",17
18,тренер команды,"","1977-03-11",18
19,тренер,"","1983-05-01",19
20,координатор,"","1985-09-03",20
21,тренер,"","1979-02-12",21
22,координатор/сопровождающий баштецкого а.ф.,"","1983-03-28",22
23,координатор,"","1978-10-27",23
24,тренер-координатор,"","1900-01-01",25
25,координатор,"","1987-01-21",27
26,тренер,"","1988-03-02",28
27,тренер,"","2000-07-06",29
28,сопровождающий волонтер-пушерзебелян давид леонидович,"","1969-10-31",30
29,координатор,"","2003-11-08",31
30,тренер,"","1974-10-28",32
31,пушер,"","2003-11-08",33
32,тренер,"","1989-09-22",35
33,координатор,"","1984-05-16",36
34,тренер,"","1989-06-29",37
35,координатор,"","1988-04-15",38
36,тренер,"","1962-12-26",39
37,пушер,"","1982-06-26",40
38,тренер,"","1989-08-23",41
39,пушер,"","0971-05-04",42
40,координатор,"","1971-09-19",43
41,тренер,"","1997-03-23",48
42,старший тренер руководитель команды,"","1966-05-17",49
43,координатор команды,"","1974-04-04",50
44,пушер- волонтер,"","1968-02-18",51
45,тренер команды,"","1974-08-09",52
46,тренер,"","1998-01-16",53
47,координатор,"","1980-03-09",54
48,пушер сопровождающий арсентьева максима,"","1978-10-15",55
49,пушер сопровождающий бунтукова анатолия,"","1985-10-16",56
50,координатор,"","1974-03-08",57
51,тренер,"","1993-02-16",58
52,"главный тренер хк ""молния прикамья следж""","","1900-01-01",59
53,координатор команды «молния прикамья следж» сопровождающая чистякова тимофея,"","1900-01-01",60
54,"тренер - пушер схк ""молния прикамья следж» механик","","1900-01-01",61
55,тренер «волчата» тамбов,"","1984-12-23",63
56,координатор «волчата» тамбов,"","1986-12-05",64
57,шаталова арина дмитриевнаволонтер-пушер,"","2004-02-20",65
58,тренер “красная молния”,"","2004-06-17",66
59,координатор “красная молния” красноярск,"","1974-12-06",67
60,тренер,"","1974-06-26",68
61,координатор,"","1977-03-30",69
62,тренер,"","2001-07-22",70
63,координатор,"","1988-10-16",71
64,пушер,"","1980-03-31",72
65,координатор,"","1900-01-01",73
66,тренер,"","1900-01-01",74
67,пушер,"","1900-01-01",75
68,координатор,"","1984-09-02",76
69,тренер,"","2004-03-13",77
70,пушер,"","1995-07-20",78
71,главный тренер,"","1995-04-19",79
72,помощник тренера,"","1970-07-30",80
73,координатор,"","2002-11-17",81
74,координатор,"","1997-05-19",82
75,тренер,"","2003-11-01",83
76,тренер,"","1987-01-01",84
77,тренер,"","1980-04-18",85
78,тренер,"","1972-02-01",86
79,координатор,"","1983-06-21",87
80,координатор волонтер-пушер,"","1985-06-07",89
81,тренер,"","1989-03-22",91
82,тренер-консультант по следж-хоккею,"","1984-05-09",92
83,тренер координатор,"","2007-11-11",93
84,координатор,"","1900-01-01",95
85,тренер,"","1900-01-01",96
86,пушер ковалкин павел алексеевич,"","1900-01-01",97
87,пушер бабаев егор максимович,"","1975-08-30",98
88,пушер кузнецов арсений вячеславович,"","1974-10-20",99
89,пушер  бабаев александр максимович,"","1979-06-20",100
90,тренер,"","1971-12-14",101
91,координатор,"","1980-03-01",102
92,главный тренер,"","1979-12-13",103
93,тренер,"","1995-04-07",104
94,тренер,"","1973-12-20",105
95,координатор,"","1980-09-10",106
96,тренер,"","1984-10-04",107
97,пушер,"","1976-09-03",110
98,тренер,"","1969-12-21",111
99,пушер - сопровождающий васильевой викторию,"","1992-10-05",112
100,пушер шульдинова руслана,"","2004-05-15",113
101,координатор,"","1991-12-03",114
102,тренер,"","1992-08-28",115
103,координатор,"","1988-12-08",116
104,координатор,"","1975-08-30",117
105,тренер,"","1974-07-02",118
106,пушер ковалкин павел алексеевич,"","1976-10-20",119
107,пушер бабаев егор максимович,"","1982-01-05",120
108,пушер кузнецов арсений вячеславович,"","1985-06-21",121
109,пушер  бабаев александр максимович,"","1980-12-16",122
110,координатор,"","1973-01-14",123
111,тренер,"","1991-04-15",124
112,тренер,"","1974-02-02",125
113,тренер,"","1984-09-05",126
114,координатор,"","1983-12-05",127
115,пушер,"","1985-02-22",128
116,главный тренер,"","1984-08-08",129
117,координатор,"","1990-05-08",130
118,помощник тренера,"","1985-05-28",131
119,тренер,"","1900-01-01",132
120,и.о. координатор,"","1984-12-29",133
121,пушер/ воробей матвей максимович,"","1968-07-01",134
122,тренер,"","2013-10-27",135
123,координатор,"","2015-01-27",136
124,волонтёр-пушер,"","2010-05-25",137
125,координатор,"","1978-06-06",138
126,тренер,"","1976-11-21",139
127,координатор,"","1996-04-13",140
128,тренер,"","1998-09-02",141
129,координатор,"","1996-03-26",142
130,тренер,"","1987-08-20",143
131,пушер / сбитнев артемий юрьевич,"","1977-12-19",144
132,тренер,"","1977-03-03",145
133,тренер,"","1982-11-09",146
134,тренер,"","2007-10-21",147
135,координатор,"","2014-09-15",148
136,старший тренер,"","1986-01-27",149
137,тренер,"","2003-01-10",150
138,координатор/методист,"","1987-09-03",151
139,тренер,"","2014-11-27",152
140,координатор,"","2014-05-08",153
141,главный тренер,"","1900-01-01",154
142,координаторшпакова елизавета николаевна,"","1900-01-01",155
143,тренер,"","1979-05-27",156
144,координатор,"","1978-10-26",157
145,пушер/родионов георгий,"","1979-04-18",158
146,координатор,"","1980-06-29",159
147,главный тренер,"","1985-05-30",160
148,тренер,"","1971-10-22",161
149,тренер,"","1987-01-18",162
150,тренер офп,"","1983-04-28",163
